{
	"credit": "Made by lajawi with Blockbench - https://blockbench.net",
	"ambientocclusion": false,
	"texture_size": [32, 32],
	"textures": {
		"2": "block/rails/wooden_bars/powered_rails/powered_rail_off_wooden_bars",
		"4": "block/rails/rails/rail_rails",
		"10": "block/rails/wooden_bars/powered_rails/powered_rail_extras",
		"particle": "block/rail"
	},
	"elements": [
		{
			"name": "Wooden Bar 1",
			"from": [1, 0, 1],
			"to": [15, 1, 3],
			"rotation": {"angle": 0, "axis": "y", "origin": [8.72927, 2.518, 8.68503]},
			"faces": {
				"north": {"uv": [7, 2.5, 14, 3], "texture": "#2"},
				"east": {"uv": [7, 6.5, 8, 7], "texture": "#2"},
				"south": {"uv": [7, 3, 14, 3.5], "texture": "#2"},
				"west": {"uv": [7, 7.5, 8, 8], "texture": "#2"},
				"up": {"uv": [7, 7, 0, 6], "texture": "#2"},
				"down": {"uv": [7, 7, 0, 8], "texture": "#2"}
			}
		},
		{
			"name": "Wooden Bar 2",
			"from": [1, 0, 5],
			"to": [15, 1, 7],
			"rotation": {"angle": 0, "axis": "y", "origin": [8.72927, 2.518, 8.68503]},
			"faces": {
				"north": {"uv": [7, 1.5, 14, 2], "texture": "#2"},
				"east": {"uv": [7, 5.5, 8, 6], "texture": "#2"},
				"south": {"uv": [7, 2, 14, 2.5], "texture": "#2"},
				"west": {"uv": [7, 6, 8, 6.5], "texture": "#2"},
				"up": {"uv": [7, 5, 0, 4], "texture": "#2"},
				"down": {"uv": [7, 5, 0, 6], "texture": "#2"}
			}
		},
		{
			"name": "Wooden Bar 3",
			"from": [1, 0, 9],
			"to": [15, 1, 11],
			"rotation": {"angle": 0, "axis": "y", "origin": [8.72927, 2.518, 8.68503]},
			"faces": {
				"north": {"uv": [7, 0.5, 14, 1], "texture": "#2"},
				"east": {"uv": [7, 4.5, 8, 5], "texture": "#2"},
				"south": {"uv": [7, 1, 14, 1.5], "texture": "#2"},
				"west": {"uv": [7, 5, 8, 5.5], "texture": "#2"},
				"up": {"uv": [7, 3, 0, 2], "texture": "#2"},
				"down": {"uv": [7, 3, 0, 4], "texture": "#2"}
			}
		},
		{
			"name": "Wooden Bar 4",
			"from": [1, 0, 13],
			"to": [15, 1, 15],
			"rotation": {"angle": 0, "axis": "y", "origin": [8.72927, 2.518, 8.68503]},
			"faces": {
				"north": {"uv": [7, 7, 14, 7.5], "texture": "#2"},
				"east": {"uv": [7, 3.5, 8, 4], "texture": "#2"},
				"south": {"uv": [7, 0, 14, 0.5], "texture": "#2"},
				"west": {"uv": [7, 4, 8, 4.5], "texture": "#2"},
				"up": {"uv": [7, 1, 0, 0], "texture": "#2"},
				"down": {"uv": [7, 1, 0, 2], "texture": "#2"}
			}
		},
		{
			"name": "Rail 1",
			"from": [13, 1, 0],
			"to": [14, 2, 16],
			"rotation": {"angle": 0, "axis": "y", "origin": [8.72927, 2.518, 8.68503]},
			"faces": {
				"north": {"uv": [3, 2, 3.5, 2.5], "texture": "#4"},
				"east": {"uv": [1, 0, 9, 0.5], "texture": "#4"},
				"south": {"uv": [3.5, 2.5, 4, 3], "texture": "#4"},
				"west": {"uv": [1, 0, 9, 0.5], "texture": "#4"},
				"up": {"uv": [0.5, 8, 0, 0], "texture": "#4"},
				"down": {"uv": [1.5, 1, 1, 9], "texture": "#4"}
			}
		},
		{
			"name": "Rail 1 Inner",
			"from": [12, 1, 0],
			"to": [13, 1.5, 16],
			"rotation": {"angle": 0, "axis": "y", "origin": [8.72927, 2.518, 8.68503]},
			"faces": {
				"north": {"uv": [3.5, 2, 4, 2.5], "texture": "#4"},
				"south": {"uv": [3, 2.5, 3.5, 3], "texture": "#4"},
				"west": {"uv": [1, 0.5, 9, 1], "texture": "#4"},
				"up": {"uv": [1, 8, 0.5, 0], "texture": "#4"},
				"down": {"uv": [2, 1, 1.5, 9], "texture": "#4"}
			}
		},
		{
			"name": "Rail 2",
			"from": [2, 1, 0],
			"to": [3, 2, 16],
			"rotation": {"angle": 0, "axis": "y", "origin": [8.72927, 2.518, 8.68503]},
			"faces": {
				"north": {"uv": [4.5, 4, 5, 4.5], "texture": "#4"},
				"east": {"uv": [2, 1.5, 10, 2], "texture": "#4"},
				"south": {"uv": [4, 2, 4.5, 2.5], "texture": "#4"},
				"west": {"uv": [2, 1.5, 10, 2], "texture": "#4"},
				"up": {"uv": [3, 10, 2.5, 2], "texture": "#4"},
				"down": {"uv": [4, 3, 3.5, 11], "texture": "#4"}
			}
		},
		{
			"name": "Rail 2 Inner",
			"from": [3, 1, 0],
			"to": [4, 1.5, 16],
			"rotation": {"angle": 0, "axis": "y", "origin": [8.72927, 2.518, 8.68503]},
			"faces": {
				"north": {"uv": [4, 4, 4.5, 4.5], "texture": "#4"},
				"east": {"uv": [2, 1, 10, 1.5], "texture": "#4"},
				"south": {"uv": [4.5, 2, 5, 2.5], "texture": "#4"},
				"up": {"uv": [2.5, 10, 2, 2], "texture": "#4"},
				"down": {"uv": [3.5, 3, 3, 11], "texture": "#4"}
			}
		},
		{
			"name": "Power Line",
			"from": [7, 0, -1],
			"to": [9, 0.5, 13],
			"rotation": {"angle": 0, "axis": "y", "origin": [8.72927, 2.518, 8.68503]},
			"faces": {
				"north": {"uv": [4.5, 4, 5.5, 4.5], "texture": "#10"},
				"east": {"uv": [3.5, 2, 10.5, 2.5], "texture": "#10"},
				"west": {"uv": [3.5, 2.5, 10.5, 3], "texture": "#10"},
				"up": {"uv": [1, 7.5, 0, 0.5], "texture": "#10"},
				"down": {"uv": [2, 1.5, 1, 8.5], "texture": "#10"}
			}
		}
	]
}