{
	"credit": "Made by lajawi with Blockbench - https://blockbench.net",
	"ambientocclusion": false,
	"texture_size": [32, 32],
	"textures": {
		"4": "block/rails/rails/rail_rails",
		"9": "block/rails/wooden_bars/powered_rails/powered_rail_on_wooden_bars",
		"10": "block/rails/wooden_bars/powered_rails/powered_rail_extras",
		"particle": "block/rail"
	},
	"elements": [
		{
			"name": "Wooden Bar 1",
			"from": [1, 5.66589, -6.7513],
			"to": [15, 6.66589, -3.7013],
			"rotation": {"angle": 45, "axis": "x", "origin": [8.72927, 2.518, 8.68503]},
			"faces": {
				"north": {"uv": [7, 2.5, 14, 3], "texture": "#9"},
				"east": {"uv": [7, 6.5, 8, 7], "texture": "#9"},
				"south": {"uv": [7, 3, 14, 3.5], "texture": "#9"},
				"west": {"uv": [7, 7.5, 8, 8], "texture": "#9"},
				"up": {"uv": [7, 7, 0, 6], "texture": "#9"},
				"down": {"uv": [7, 7, 0, 8], "texture": "#9"}
			}
		},
		{
			"name": "Wooden Bar 2",
			"from": [1, 5.66589, -0.85127],
			"to": [15, 6.66589, 2.14873],
			"rotation": {"angle": 45, "axis": "x", "origin": [8.72927, 2.518, 8.68503]},
			"faces": {
				"north": {"uv": [7, 1.5, 14, 2], "texture": "#9"},
				"east": {"uv": [7, 5.5, 8, 6], "texture": "#9"},
				"south": {"uv": [7, 2, 14, 2.5], "texture": "#9"},
				"west": {"uv": [7, 6, 8, 6.5], "texture": "#9"},
				"up": {"uv": [7, 5, 0, 4], "texture": "#9"},
				"down": {"uv": [7, 5, 0, 6], "texture": "#9"}
			}
		},
		{
			"name": "Wooden Bar 3",
			"from": [1, 5.66589, 4.94873],
			"to": [15, 6.66589, 7.89873],
			"rotation": {"angle": 45, "axis": "x", "origin": [8.72927, 2.518, 8.68503]},
			"faces": {
				"north": {"uv": [7, 0.5, 14, 1], "texture": "#9"},
				"east": {"uv": [7, 4.5, 8, 5], "texture": "#9"},
				"south": {"uv": [7, 1, 14, 1.5], "texture": "#9"},
				"west": {"uv": [7, 5, 8, 5.5], "texture": "#9"},
				"up": {"uv": [7, 3, 0, 2], "texture": "#9"},
				"down": {"uv": [7, 3, 0, 4], "texture": "#9"}
			}
		},
		{
			"name": "Wooden Bar 4",
			"from": [1, 5.66589, 10.69873],
			"to": [15, 6.66589, 13.64873],
			"rotation": {"angle": 45, "axis": "x", "origin": [8.72927, 2.518, 8.68503]},
			"faces": {
				"north": {"uv": [7, 7, 14, 7.5], "texture": "#9"},
				"east": {"uv": [7, 3.5, 8, 4], "texture": "#9"},
				"south": {"uv": [7, 0, 14, 0.5], "texture": "#9"},
				"west": {"uv": [7, 4, 8, 4.5], "texture": "#9"},
				"up": {"uv": [7, 1, 0, 0], "texture": "#9"},
				"down": {"uv": [7, 1, 0, 2], "texture": "#9"}
			}
		},
		{
			"name": "Rail 1",
			"from": [2, 6.66589, -7.95127],
			"to": [3, 7.66589, 15.04873],
			"rotation": {"angle": 45, "axis": "x", "origin": [8.72927, 2.518, 8.68503]},
			"faces": {
				"north": {"uv": [4.5, 4, 5, 4.5], "texture": "#4"},
				"east": {"uv": [2, 1.5, 10, 2], "texture": "#4"},
				"south": {"uv": [4, 2, 4.5, 2.5], "texture": "#4"},
				"west": {"uv": [2, 1.5, 10, 2], "texture": "#4"},
				"up": {"uv": [3, 10, 2.5, 2], "texture": "#4"},
				"down": {"uv": [4, 3, 3.5, 11], "texture": "#4"}
			}
		},
		{
			"name": "Rail 1 Inner",
			"from": [3, 6.66589, -7.95127],
			"to": [4, 7.16589, 15.04873],
			"rotation": {"angle": 45, "axis": "x", "origin": [8.72927, 2.518, 8.68503]},
			"faces": {
				"north": {"uv": [4, 4, 4.5, 4.5], "texture": "#4"},
				"east": {"uv": [2, 1, 10, 1.5], "texture": "#4"},
				"south": {"uv": [4.5, 2, 5, 2.5], "texture": "#4"},
				"up": {"uv": [2.5, 10, 2, 2], "texture": "#4"},
				"down": {"uv": [3.5, 3, 3, 11], "texture": "#4"}
			}
		},
		{
			"name": "Rail 2",
			"from": [13, 6.66589, -7.95127],
			"to": [14, 7.66589, 15.04873],
			"rotation": {"angle": 45, "axis": "x", "origin": [8.72927, 2.518, 8.68503]},
			"faces": {
				"north": {"uv": [3, 2, 3.5, 2.5], "texture": "#4"},
				"east": {"uv": [1, 0, 9, 0.5], "texture": "#4"},
				"south": {"uv": [3.5, 2.5, 4, 3], "texture": "#4"},
				"west": {"uv": [1, 0, 9, 0.5], "texture": "#4"},
				"up": {"uv": [0.5, 8, 0, 0], "texture": "#4"},
				"down": {"uv": [1.5, 1, 1, 9], "texture": "#4"}
			}
		},
		{
			"name": "Rail 2 Inner",
			"from": [12, 6.66589, -7.95127],
			"to": [13, 7.16589, 15.04873],
			"rotation": {"angle": 45, "axis": "x", "origin": [8.72927, 2.518, 8.68503]},
			"faces": {
				"north": {"uv": [3.5, 2, 4, 2.5], "texture": "#4"},
				"south": {"uv": [3, 2.5, 3.5, 3], "texture": "#4"},
				"west": {"uv": [1, 0.5, 9, 1], "texture": "#4"},
				"up": {"uv": [1, 8, 0.5, 0], "texture": "#4"},
				"down": {"uv": [2, 1, 1.5, 9], "texture": "#4"}
			}
		},
		{
			"name": "Power Line",
			"from": [7, 8.47938, 0.27899],
			"to": [9, 8.97938, 20.47899],
			"rotation": {"angle": 45, "axis": "x", "origin": [8, 8.72938, 7.27899]},
			"faces": {
				"east": {"uv": [4, 3.5, 11, 4], "texture": "#10"},
				"south": {"uv": [5.5, 4, 6.5, 4.5], "texture": "#10"},
				"west": {"uv": [4, 3, 11, 3.5], "texture": "#10"},
				"up": {"uv": [3, 9.5, 2, 2.5], "rotation": 180, "texture": "#10"},
				"down": {"uv": [4, 3.5, 3, 10.5], "rotation": 180, "texture": "#10"}
			}
		},
		{
			"name": "Power Line 1 4",
			"from": [10, 6.81766, 14.40493],
			"to": [12, 7.31766, 17.35493],
			"rotation": {"angle": 45, "axis": "x", "origin": [8, 7.06766, 10.35493]},
			"faces": {
				"north": {"uv": [9, 11.5, 10, 11.75], "texture": "#10"},
				"south": {"uv": [9, 9.5, 10, 9.75], "texture": "#10"},
				"west": {"uv": [7, 13.5, 8, 13.75], "texture": "#10"},
				"up": {"uv": [7, 11, 8, 12], "texture": "#10"}
			}
		},
		{
			"name": "Power Line 1 3",
			"from": [10, 8.05509, 9.16749],
			"to": [12, 8.55509, 12.11749],
			"rotation": {"angle": 45, "axis": "x", "origin": [8, 8.30509, 9.11749]},
			"faces": {
				"north": {"uv": [9, 11, 10, 11.25], "texture": "#10"},
				"south": {"uv": [9, 9, 10, 9.25], "texture": "#10"},
				"west": {"uv": [7, 13, 8, 13.25], "texture": "#10"},
				"up": {"uv": [7, 10, 8, 11], "texture": "#10"}
			}
		},
		{
			"name": "Power Line 1 2",
			"from": [10, 9.29253, 3.88006],
			"to": [12, 9.79253, 6.88006],
			"rotation": {"angle": 45, "axis": "x", "origin": [8, 9.54253, 7.88006]},
			"faces": {
				"north": {"uv": [9, 10.5, 10, 10.75], "texture": "#10"},
				"south": {"uv": [9, 8.5, 10, 8.75], "texture": "#10"},
				"west": {"uv": [7, 12.5, 8, 12.75], "texture": "#10"},
				"up": {"uv": [7, 9, 8, 10], "texture": "#10"}
			}
		},
		{
			"name": "Power Line 1 1",
			"from": [10, 10.6007, -1.47811],
			"to": [12, 11.1007, 1.57189],
			"rotation": {"angle": 45, "axis": "x", "origin": [8, 10.8507, 6.57189]},
			"faces": {
				"north": {"uv": [9, 10, 10, 10.25], "texture": "#10"},
				"south": {"uv": [9, 8, 10, 8.25], "texture": "#10"},
				"west": {"uv": [7, 12, 8, 12.25], "texture": "#10"},
				"up": {"uv": [7, 8, 8, 9], "texture": "#10"}
			}
		},
		{
			"name": "Power Line 2 1",
			"from": [4, 10.6007, -1.47811],
			"to": [6, 11.1007, 1.57189],
			"rotation": {"angle": 45, "axis": "x", "origin": [8, 10.8507, 6.57189]},
			"faces": {
				"north": {"uv": [8, 10, 9, 10.25], "texture": "#10"},
				"east": {"uv": [6, 12, 7, 12.25], "texture": "#10"},
				"south": {"uv": [8, 8, 9, 8.25], "texture": "#10"},
				"up": {"uv": [6, 8, 7, 9], "texture": "#10"}
			}
		},
		{
			"name": "Power Line 2 2",
			"from": [4, 9.29253, 3.88006],
			"to": [6, 9.79253, 6.88006],
			"rotation": {"angle": 45, "axis": "x", "origin": [8, 9.54253, 7.88006]},
			"faces": {
				"north": {"uv": [8, 10.5, 9, 10.75], "texture": "#10"},
				"east": {"uv": [6, 12.5, 7, 12.75], "texture": "#10"},
				"south": {"uv": [8, 8.5, 9, 8.75], "texture": "#10"},
				"up": {"uv": [6, 9, 7, 10], "texture": "#10"}
			}
		},
		{
			"name": "Power Line 2 3",
			"from": [4, 8.05509, 9.16749],
			"to": [6, 8.55509, 12.11749],
			"rotation": {"angle": 45, "axis": "x", "origin": [8, 8.30509, 9.11749]},
			"faces": {
				"north": {"uv": [8, 11, 9, 11.25], "texture": "#10"},
				"east": {"uv": [6, 13, 7, 13.25], "texture": "#10"},
				"south": {"uv": [8, 9, 9, 9.25], "texture": "#10"},
				"up": {"uv": [6, 10, 7, 11], "texture": "#10"}
			}
		},
		{
			"name": "Power Line 2 4",
			"from": [4, 6.81766, 14.40493],
			"to": [6, 7.31766, 17.35493],
			"rotation": {"angle": 45, "axis": "x", "origin": [8, 7.06766, 10.35493]},
			"faces": {
				"north": {"uv": [8, 11.5, 9, 11.75], "texture": "#10"},
				"east": {"uv": [6, 13.5, 7, 13.75], "texture": "#10"},
				"south": {"uv": [8, 9.5, 9, 9.75], "texture": "#10"},
				"up": {"uv": [6, 11, 7, 12], "texture": "#10"}
			}
		}
	]
}