{
	"credit": "Made by lajawi with Blockbench - https://blockbench.net",
	"ambientocclusion": false,
	"textures": {
		"5": "block/fooliage/flowers/rose_bush/roses",
		"6": "block/fooliage/flowers/rose_bush/top/top_left_front",
		"7": "block/fooliage/flowers/rose_bush/top/top_right_front",
		"8": "block/fooliage/flowers/rose_bush/top/top_left_back",
		"9": "block/fooliage/flowers/rose_bush/top/top_right_back",
		"particle": "block/fooliage/flowers/rose_bush/bottom/left_front"
	},
	"elements": [
		{
			"name": "Left Front",
			"from": [0, 0, 6],
			"to": [16, 16, 6],
			"rotation": {"angle": -45, "axis": "y", "origin": [8, 8, 8], "rescale": true},
			"faces": {
				"north": {"uv": [0, 0, 16, 16], "texture": "#6"},
				"east": {"uv": [0, 0, 0, 0], "texture": "#6"},
				"south": {"uv": [16, 0, 0, 16], "texture": "#6"},
				"west": {"uv": [0, 0, 0, 0], "texture": "#6"},
				"up": {"uv": [0, 0, 0, 0], "texture": "#6"},
				"down": {"uv": [0, 0, 0, 0], "texture": "#6"}
			}
		},
		{
			"name": "Right Front",
			"from": [6, 0, -3],
			"to": [6, 16, 13],
			"rotation": {"angle": -45, "axis": "y", "origin": [5, 8, 5], "rescale": true},
			"faces": {
				"north": {"uv": [0, 0, 0, 0], "texture": "#7"},
				"east": {"uv": [16, 0, 0, 16], "texture": "#7"},
				"south": {"uv": [0, 0, 0, 0], "texture": "#7"},
				"west": {"uv": [0, 0, 16, 16], "texture": "#7"},
				"up": {"uv": [0, 0, 0, 0], "texture": "#7"},
				"down": {"uv": [0, 0, 0, 0], "texture": "#7"}
			}
		},
		{
			"name": "Left Back",
			"from": [10, 0, 3],
			"to": [10, 16, 19],
			"rotation": {"angle": -45, "axis": "y", "origin": [11, 8, 11], "rescale": true},
			"faces": {
				"north": {"uv": [0, 0, 0, 0], "texture": "#8"},
				"east": {"uv": [0, 0, 16, 16], "texture": "#8"},
				"south": {"uv": [0, 0, 0, 0], "texture": "#8"},
				"west": {"uv": [16, 0, 0, 16], "texture": "#8"},
				"up": {"uv": [0, 0, 0, 0], "texture": "#8"},
				"down": {"uv": [0, 0, 0, 0], "texture": "#8"}
			}
		},
		{
			"name": "Right Back",
			"from": [0, 0, 10],
			"to": [16, 16, 10],
			"rotation": {"angle": -45, "axis": "y", "origin": [8, 8, 8], "rescale": true},
			"faces": {
				"north": {"uv": [16, 0, 0, 16], "texture": "#9"},
				"east": {"uv": [0, 0, 0, 0], "texture": "#9"},
				"south": {"uv": [0, 0, 16, 16], "texture": "#9"},
				"west": {"uv": [0, 0, 0, 0], "texture": "#9"},
				"up": {"uv": [0, 0, 0, 0], "texture": "#9"},
				"down": {"uv": [0, 0, 0, 0], "texture": "#9"}
			}
		},
		{
			"name": "Middle",
			"from": [0, 11, 4],
			"to": [3, 13, 7],
			"rotation": {"angle": -22.5, "axis": "x", "origin": [1.5, 12.33333, 5.5]},
			"faces": {
				"north": {"uv": [0, 3, 3, 5], "texture": "#5"},
				"east": {"uv": [0, 3, 3, 5], "texture": "#5"},
				"south": {"uv": [0, 3, 3, 5], "texture": "#5"},
				"west": {"uv": [0, 3, 3, 5], "texture": "#5"},
				"up": {"uv": [0, 0, 3, 3], "texture": "#5"},
				"down": {"uv": [3, 0, 6, 3], "texture": "#5"}
			}
		},
		{
			"name": "Leaf 1",
			"from": [-1, 11, 5.5],
			"to": [4, 14, 5.5],
			"rotation": {"angle": -22.5, "axis": "x", "origin": [1.5, 12.33333, 5.5]},
			"faces": {
				"north": {"uv": [0, 5, 5, 8], "texture": "#5"},
				"east": {"uv": [0, 0, 0, 3], "texture": "#missing"},
				"south": {"uv": [0, 5, 5, 8], "texture": "#5"},
				"west": {"uv": [0, 0, 0, 3], "texture": "#missing"},
				"up": {"uv": [0, 0, 5, 0], "texture": "#missing"},
				"down": {"uv": [0, 0, 5, 0], "texture": "#missing"}
			}
		},
		{
			"name": "Leaf 2",
			"from": [1.5, 11, 3],
			"to": [1.5, 14, 8],
			"rotation": {"angle": -22.5, "axis": "x", "origin": [1.5, 12.33333, 5.5]},
			"faces": {
				"north": {"uv": [0, 0, 0, 3], "texture": "#missing"},
				"east": {"uv": [0, 5, 5, 8], "texture": "#5"},
				"south": {"uv": [0, 0, 0, 3], "texture": "#missing"},
				"west": {"uv": [0, 5, 5, 8], "texture": "#5"},
				"up": {"uv": [0, 0, 0, 5], "texture": "#missing"},
				"down": {"uv": [0, 0, 0, 5], "texture": "#missing"}
			}
		},
		{
			"name": "Middle",
			"from": [4, 4, 4],
			"to": [7, 6, 7],
			"rotation": {"angle": -45, "axis": "x", "origin": [5.5, 5.33333, 5.5]},
			"faces": {
				"north": {"uv": [0, 3, 3, 5], "texture": "#5"},
				"east": {"uv": [0, 3, 3, 5], "texture": "#5"},
				"south": {"uv": [0, 3, 3, 5], "texture": "#5"},
				"west": {"uv": [0, 3, 3, 5], "texture": "#5"},
				"up": {"uv": [0, 0, 3, 3], "texture": "#5"},
				"down": {"uv": [3, 0, 6, 3], "texture": "#5"}
			}
		},
		{
			"name": "Leaf 1",
			"from": [3, 4, 5.5],
			"to": [8, 7, 5.5],
			"rotation": {"angle": -45, "axis": "x", "origin": [5.5, 5.33333, 5.5]},
			"faces": {
				"north": {"uv": [0, 5, 5, 8], "texture": "#5"},
				"east": {"uv": [0, 0, 0, 3], "texture": "#missing"},
				"south": {"uv": [0, 5, 5, 8], "texture": "#5"},
				"west": {"uv": [0, 0, 0, 3], "texture": "#missing"},
				"up": {"uv": [0, 0, 5, 0], "texture": "#missing"},
				"down": {"uv": [0, 0, 5, 0], "texture": "#missing"}
			}
		},
		{
			"name": "Leaf 2",
			"from": [5.5, 4, 3],
			"to": [5.5, 7, 8],
			"rotation": {"angle": -45, "axis": "x", "origin": [5.5, 5.33333, 5.5]},
			"faces": {
				"north": {"uv": [0, 0, 0, 3], "texture": "#missing"},
				"east": {"uv": [0, 5, 5, 8], "texture": "#5"},
				"south": {"uv": [0, 0, 0, 3], "texture": "#missing"},
				"west": {"uv": [0, 5, 5, 8], "texture": "#5"},
				"up": {"uv": [0, 0, 0, 5], "texture": "#missing"},
				"down": {"uv": [0, 0, 0, 5], "texture": "#missing"}
			}
		},
		{
			"name": "Middle",
			"from": [2, 6, -1],
			"to": [5, 8, 2],
			"rotation": {"angle": 22.5, "axis": "z", "origin": [3.5, 7.33333, 0.5]},
			"faces": {
				"north": {"uv": [0, 3, 3, 5], "texture": "#5"},
				"east": {"uv": [0, 3, 3, 5], "texture": "#5"},
				"south": {"uv": [0, 3, 3, 5], "texture": "#5"},
				"west": {"uv": [0, 3, 3, 5], "texture": "#5"},
				"up": {"uv": [0, 0, 3, 3], "texture": "#5"},
				"down": {"uv": [3, 0, 6, 3], "texture": "#5"}
			}
		},
		{
			"name": "Leaf 1",
			"from": [1, 6, 0.5],
			"to": [6, 9, 0.5],
			"rotation": {"angle": 22.5, "axis": "z", "origin": [3.5, 7.33333, 0.5]},
			"faces": {
				"north": {"uv": [0, 5, 5, 8], "texture": "#5"},
				"east": {"uv": [0, 0, 0, 3], "texture": "#missing"},
				"south": {"uv": [0, 5, 5, 8], "texture": "#5"},
				"west": {"uv": [0, 0, 0, 3], "texture": "#missing"},
				"up": {"uv": [0, 0, 5, 0], "texture": "#missing"},
				"down": {"uv": [0, 0, 5, 0], "texture": "#missing"}
			}
		},
		{
			"name": "Leaf 2",
			"from": [3.5, 6, -2],
			"to": [3.5, 9, 3],
			"rotation": {"angle": 22.5, "axis": "z", "origin": [3.5, 7.33333, 0.5]},
			"faces": {
				"north": {"uv": [0, 0, 0, 3], "texture": "#missing"},
				"east": {"uv": [0, 5, 5, 8], "texture": "#5"},
				"south": {"uv": [0, 0, 0, 3], "texture": "#missing"},
				"west": {"uv": [0, 5, 5, 8], "texture": "#5"},
				"up": {"uv": [0, 0, 0, 5], "texture": "#missing"},
				"down": {"uv": [0, 0, 0, 5], "texture": "#missing"}
			}
		},
		{
			"name": "Middle",
			"from": [8, 3, 2],
			"to": [11, 5, 5],
			"rotation": {"angle": -45, "axis": "x", "origin": [9.5, 4.33333, 3.5]},
			"faces": {
				"north": {"uv": [0, 3, 3, 5], "texture": "#5"},
				"east": {"uv": [0, 3, 3, 5], "texture": "#5"},
				"south": {"uv": [0, 3, 3, 5], "texture": "#5"},
				"west": {"uv": [0, 3, 3, 5], "texture": "#5"},
				"up": {"uv": [0, 0, 3, 3], "texture": "#5"},
				"down": {"uv": [3, 0, 6, 3], "texture": "#5"}
			}
		},
		{
			"name": "Leaf 1",
			"from": [7, 3, 3.5],
			"to": [12, 6, 3.5],
			"rotation": {"angle": -45, "axis": "x", "origin": [9.5, 4.33333, 3.5]},
			"faces": {
				"north": {"uv": [0, 5, 5, 8], "texture": "#5"},
				"east": {"uv": [0, 0, 0, 3], "texture": "#missing"},
				"south": {"uv": [0, 5, 5, 8], "texture": "#5"},
				"west": {"uv": [0, 0, 0, 3], "texture": "#missing"},
				"up": {"uv": [0, 0, 5, 0], "texture": "#missing"},
				"down": {"uv": [0, 0, 5, 0], "texture": "#missing"}
			}
		},
		{
			"name": "Leaf 2",
			"from": [9.5, 3, 1],
			"to": [9.5, 6, 6],
			"rotation": {"angle": -45, "axis": "x", "origin": [9.5, 4.33333, 3.5]},
			"faces": {
				"north": {"uv": [0, 0, 0, 3], "texture": "#missing"},
				"east": {"uv": [0, 5, 5, 8], "texture": "#5"},
				"south": {"uv": [0, 0, 0, 3], "texture": "#missing"},
				"west": {"uv": [0, 5, 5, 8], "texture": "#5"},
				"up": {"uv": [0, 0, 0, 5], "texture": "#missing"},
				"down": {"uv": [0, 0, 0, 5], "texture": "#missing"}
			}
		},
		{
			"name": "Middle",
			"from": [9, 10, -1],
			"to": [12, 12, 2],
			"rotation": {"angle": -45, "axis": "x", "origin": [10.5, 11.33333, 0.5]},
			"faces": {
				"north": {"uv": [0, 3, 3, 5], "texture": "#5"},
				"east": {"uv": [0, 3, 3, 5], "texture": "#5"},
				"south": {"uv": [0, 3, 3, 5], "texture": "#5"},
				"west": {"uv": [0, 3, 3, 5], "texture": "#5"},
				"up": {"uv": [0, 0, 3, 3], "texture": "#5"},
				"down": {"uv": [3, 0, 6, 3], "texture": "#5"}
			}
		},
		{
			"name": "Leaf 1",
			"from": [8, 10, 0.5],
			"to": [13, 13, 0.5],
			"rotation": {"angle": -45, "axis": "x", "origin": [10.5, 11.33333, 0.5]},
			"faces": {
				"north": {"uv": [0, 5, 5, 8], "texture": "#5"},
				"east": {"uv": [0, 0, 0, 3], "texture": "#missing"},
				"south": {"uv": [0, 5, 5, 8], "texture": "#5"},
				"west": {"uv": [0, 0, 0, 3], "texture": "#missing"},
				"up": {"uv": [0, 0, 5, 0], "texture": "#missing"},
				"down": {"uv": [0, 0, 5, 0], "texture": "#missing"}
			}
		},
		{
			"name": "Leaf 2",
			"from": [10.5, 10, -2],
			"to": [10.5, 13, 3],
			"rotation": {"angle": -45, "axis": "x", "origin": [10.5, 11.33333, 0.5]},
			"faces": {
				"north": {"uv": [0, 0, 0, 3], "texture": "#missing"},
				"east": {"uv": [0, 5, 5, 8], "texture": "#5"},
				"south": {"uv": [0, 0, 0, 3], "texture": "#missing"},
				"west": {"uv": [0, 5, 5, 8], "texture": "#5"},
				"up": {"uv": [0, 0, 0, 5], "texture": "#missing"},
				"down": {"uv": [0, 0, 0, 5], "texture": "#missing"}
			}
		},
		{
			"name": "Middle",
			"from": [10, 11, 6],
			"to": [13, 13, 9],
			"rotation": {"angle": 22.5, "axis": "y", "origin": [11.5, 12.33333, 7.5]},
			"faces": {
				"north": {"uv": [0, 3, 3, 5], "texture": "#5"},
				"east": {"uv": [0, 3, 3, 5], "texture": "#5"},
				"south": {"uv": [0, 3, 3, 5], "texture": "#5"},
				"west": {"uv": [0, 3, 3, 5], "texture": "#5"},
				"up": {"uv": [0, 0, 3, 3], "texture": "#5"},
				"down": {"uv": [3, 0, 6, 3], "texture": "#5"}
			}
		},
		{
			"name": "Leaf 1",
			"from": [9, 11, 7.5],
			"to": [14, 14, 7.5],
			"rotation": {"angle": 22.5, "axis": "y", "origin": [11.5, 12.33333, 7.5]},
			"faces": {
				"north": {"uv": [0, 5, 5, 8], "texture": "#5"},
				"east": {"uv": [0, 0, 0, 3], "texture": "#missing"},
				"south": {"uv": [0, 5, 5, 8], "texture": "#5"},
				"west": {"uv": [0, 0, 0, 3], "texture": "#missing"},
				"up": {"uv": [0, 0, 5, 0], "texture": "#missing"},
				"down": {"uv": [0, 0, 5, 0], "texture": "#missing"}
			}
		},
		{
			"name": "Leaf 2",
			"from": [11.5, 11, 5],
			"to": [11.5, 14, 10],
			"rotation": {"angle": 22.5, "axis": "y", "origin": [11.5, 12.33333, 7.5]},
			"faces": {
				"north": {"uv": [0, 0, 0, 3], "texture": "#missing"},
				"east": {"uv": [0, 5, 5, 8], "texture": "#5"},
				"south": {"uv": [0, 0, 0, 3], "texture": "#missing"},
				"west": {"uv": [0, 5, 5, 8], "texture": "#5"},
				"up": {"uv": [0, 0, 0, 5], "texture": "#missing"},
				"down": {"uv": [0, 0, 0, 5], "texture": "#missing"}
			}
		},
		{
			"name": "Middle",
			"from": [4, 11, 8],
			"to": [7, 13, 11],
			"rotation": {"angle": -22.5, "axis": "z", "origin": [5.5, 12.33333, 9.5]},
			"faces": {
				"north": {"uv": [0, 3, 3, 5], "texture": "#5"},
				"east": {"uv": [0, 3, 3, 5], "texture": "#5"},
				"south": {"uv": [0, 3, 3, 5], "texture": "#5"},
				"west": {"uv": [0, 3, 3, 5], "texture": "#5"},
				"up": {"uv": [0, 0, 3, 3], "texture": "#5"},
				"down": {"uv": [3, 0, 6, 3], "texture": "#5"}
			}
		},
		{
			"name": "Leaf 1",
			"from": [3, 11, 9.5],
			"to": [8, 14, 9.5],
			"rotation": {"angle": -22.5, "axis": "z", "origin": [5.5, 12.33333, 9.5]},
			"faces": {
				"north": {"uv": [0, 5, 5, 8], "texture": "#5"},
				"east": {"uv": [0, 0, 0, 3], "texture": "#missing"},
				"south": {"uv": [0, 5, 5, 8], "texture": "#5"},
				"west": {"uv": [0, 0, 0, 3], "texture": "#missing"},
				"up": {"uv": [0, 0, 5, 0], "texture": "#missing"},
				"down": {"uv": [0, 0, 5, 0], "texture": "#missing"}
			}
		},
		{
			"name": "Leaf 2",
			"from": [5.5, 11, 7],
			"to": [5.5, 14, 12],
			"rotation": {"angle": -22.5, "axis": "z", "origin": [5.5, 12.33333, 9.5]},
			"faces": {
				"north": {"uv": [0, 0, 0, 3], "texture": "#missing"},
				"east": {"uv": [0, 5, 5, 8], "texture": "#5"},
				"south": {"uv": [0, 0, 0, 3], "texture": "#missing"},
				"west": {"uv": [0, 5, 5, 8], "texture": "#5"},
				"up": {"uv": [0, 0, 0, 5], "texture": "#missing"},
				"down": {"uv": [0, 0, 0, 5], "texture": "#missing"}
			}
		},
		{
			"name": "Middle",
			"from": [0, 7, 8],
			"to": [3, 9, 11],
			"rotation": {"angle": 22.5, "axis": "z", "origin": [1.5, 8.33333, 9.5]},
			"faces": {
				"north": {"uv": [0, 3, 3, 5], "texture": "#5"},
				"east": {"uv": [0, 3, 3, 5], "texture": "#5"},
				"south": {"uv": [0, 3, 3, 5], "texture": "#5"},
				"west": {"uv": [0, 3, 3, 5], "texture": "#5"},
				"up": {"uv": [0, 0, 3, 3], "texture": "#5"},
				"down": {"uv": [3, 0, 6, 3], "texture": "#5"}
			}
		},
		{
			"name": "Leaf 1",
			"from": [-1, 7, 9.5],
			"to": [4, 10, 9.5],
			"rotation": {"angle": 22.5, "axis": "z", "origin": [1.5, 8.33333, 9.5]},
			"faces": {
				"north": {"uv": [0, 5, 5, 8], "texture": "#5"},
				"east": {"uv": [0, 0, 0, 3], "texture": "#missing"},
				"south": {"uv": [0, 5, 5, 8], "texture": "#5"},
				"west": {"uv": [0, 0, 0, 3], "texture": "#missing"},
				"up": {"uv": [0, 0, 5, 0], "texture": "#missing"},
				"down": {"uv": [0, 0, 5, 0], "texture": "#missing"}
			}
		},
		{
			"name": "Leaf 2",
			"from": [1.5, 7, 7],
			"to": [1.5, 10, 12],
			"rotation": {"angle": 22.5, "axis": "z", "origin": [1.5, 8.33333, 9.5]},
			"faces": {
				"north": {"uv": [0, 0, 0, 3], "texture": "#missing"},
				"east": {"uv": [0, 5, 5, 8], "texture": "#5"},
				"south": {"uv": [0, 0, 0, 3], "texture": "#missing"},
				"west": {"uv": [0, 5, 5, 8], "texture": "#5"},
				"up": {"uv": [0, 0, 0, 5], "texture": "#missing"},
				"down": {"uv": [0, 0, 0, 5], "texture": "#missing"}
			}
		},
		{
			"name": "Middle",
			"from": [3, 4, 15],
			"to": [6, 6, 18],
			"rotation": {"angle": 22.5, "axis": "y", "origin": [4.5, 5.33333, 16.5]},
			"faces": {
				"north": {"uv": [0, 3, 3, 5], "texture": "#5"},
				"east": {"uv": [0, 3, 3, 5], "texture": "#5"},
				"south": {"uv": [0, 3, 3, 5], "texture": "#5"},
				"west": {"uv": [0, 3, 3, 5], "texture": "#5"},
				"up": {"uv": [0, 0, 3, 3], "texture": "#5"},
				"down": {"uv": [3, 0, 6, 3], "texture": "#5"}
			}
		},
		{
			"name": "Leaf 1",
			"from": [2, 4, 16.5],
			"to": [7, 7, 16.5],
			"rotation": {"angle": 22.5, "axis": "y", "origin": [4.5, 5.33333, 16.5]},
			"faces": {
				"north": {"uv": [0, 5, 5, 8], "texture": "#5"},
				"east": {"uv": [0, 0, 0, 3], "texture": "#missing"},
				"south": {"uv": [0, 5, 5, 8], "texture": "#5"},
				"west": {"uv": [0, 0, 0, 3], "texture": "#missing"},
				"up": {"uv": [0, 0, 5, 0], "texture": "#missing"},
				"down": {"uv": [0, 0, 5, 0], "texture": "#missing"}
			}
		},
		{
			"name": "Leaf 2",
			"from": [4.5, 4, 14],
			"to": [4.5, 7, 19],
			"rotation": {"angle": 22.5, "axis": "y", "origin": [4.5, 5.33333, 16.5]},
			"faces": {
				"north": {"uv": [0, 0, 0, 3], "texture": "#missing"},
				"east": {"uv": [0, 5, 5, 8], "texture": "#5"},
				"south": {"uv": [0, 0, 0, 3], "texture": "#missing"},
				"west": {"uv": [0, 5, 5, 8], "texture": "#5"},
				"up": {"uv": [0, 0, 0, 5], "texture": "#missing"},
				"down": {"uv": [0, 0, 0, 5], "texture": "#missing"}
			}
		},
		{
			"name": "Middle",
			"from": [16, 6, 11],
			"to": [19, 8, 14],
			"rotation": {"angle": -22.5, "axis": "z", "origin": [17.5, 7.33333, 12.5]},
			"faces": {
				"north": {"uv": [0, 3, 3, 5], "texture": "#5"},
				"east": {"uv": [0, 3, 3, 5], "texture": "#5"},
				"south": {"uv": [0, 3, 3, 5], "texture": "#5"},
				"west": {"uv": [0, 3, 3, 5], "texture": "#5"},
				"up": {"uv": [0, 0, 3, 3], "texture": "#5"},
				"down": {"uv": [3, 0, 6, 3], "texture": "#5"}
			}
		},
		{
			"name": "Leaf 1",
			"from": [15, 6, 12.5],
			"to": [20, 9, 12.5],
			"rotation": {"angle": -22.5, "axis": "z", "origin": [17.5, 7.33333, 12.5]},
			"faces": {
				"north": {"uv": [0, 5, 5, 8], "texture": "#5"},
				"east": {"uv": [0, 0, 0, 3], "texture": "#missing"},
				"south": {"uv": [0, 5, 5, 8], "texture": "#5"},
				"west": {"uv": [0, 0, 0, 3], "texture": "#missing"},
				"up": {"uv": [0, 0, 5, 0], "texture": "#missing"},
				"down": {"uv": [0, 0, 5, 0], "texture": "#missing"}
			}
		},
		{
			"name": "Leaf 2",
			"from": [17.5, 6, 10],
			"to": [17.5, 9, 15],
			"rotation": {"angle": -22.5, "axis": "z", "origin": [17.5, 7.33333, 12.5]},
			"faces": {
				"north": {"uv": [0, 0, 0, 3], "texture": "#missing"},
				"east": {"uv": [0, 5, 5, 8], "texture": "#5"},
				"south": {"uv": [0, 0, 0, 3], "texture": "#missing"},
				"west": {"uv": [0, 5, 5, 8], "texture": "#5"},
				"up": {"uv": [0, 0, 0, 5], "texture": "#missing"},
				"down": {"uv": [0, 0, 0, 5], "texture": "#missing"}
			}
		},
		{
			"name": "Middle",
			"from": [9, 2, 9],
			"to": [12, 4, 12],
			"rotation": {"angle": 22.5, "axis": "x", "origin": [10.5, 3.33333, 10.5]},
			"faces": {
				"north": {"uv": [0, 3, 3, 5], "texture": "#5"},
				"east": {"uv": [0, 3, 3, 5], "texture": "#5"},
				"south": {"uv": [0, 3, 3, 5], "texture": "#5"},
				"west": {"uv": [0, 3, 3, 5], "texture": "#5"},
				"up": {"uv": [0, 0, 3, 3], "texture": "#5"},
				"down": {"uv": [3, 0, 6, 3], "texture": "#5"}
			}
		},
		{
			"name": "Leaf 1",
			"from": [8, 2, 10.5],
			"to": [13, 5, 10.5],
			"rotation": {"angle": 22.5, "axis": "x", "origin": [10.5, 3.33333, 10.5]},
			"faces": {
				"north": {"uv": [0, 5, 5, 8], "texture": "#5"},
				"east": {"uv": [0, 0, 0, 3], "texture": "#missing"},
				"south": {"uv": [0, 5, 5, 8], "texture": "#5"},
				"west": {"uv": [0, 0, 0, 3], "texture": "#missing"},
				"up": {"uv": [0, 0, 5, 0], "texture": "#missing"},
				"down": {"uv": [0, 0, 5, 0], "texture": "#missing"}
			}
		},
		{
			"name": "Leaf 2",
			"from": [10.5, 2, 8],
			"to": [10.5, 5, 13],
			"rotation": {"angle": 22.5, "axis": "x", "origin": [10.5, 3.33333, 10.5]},
			"faces": {
				"north": {"uv": [0, 0, 0, 3], "texture": "#missing"},
				"east": {"uv": [0, 5, 5, 8], "texture": "#5"},
				"south": {"uv": [0, 0, 0, 3], "texture": "#missing"},
				"west": {"uv": [0, 5, 5, 8], "texture": "#5"},
				"up": {"uv": [0, 0, 0, 5], "texture": "#missing"},
				"down": {"uv": [0, 0, 0, 5], "texture": "#missing"}
			}
		},
		{
			"name": "Middle",
			"from": [9, 6, 14],
			"to": [12, 8, 17],
			"rotation": {"angle": -22.5, "axis": "y", "origin": [10.5, 7.33333, 15.5]},
			"faces": {
				"north": {"uv": [0, 3, 3, 5], "texture": "#5"},
				"east": {"uv": [0, 3, 3, 5], "texture": "#5"},
				"south": {"uv": [0, 3, 3, 5], "texture": "#5"},
				"west": {"uv": [0, 3, 3, 5], "texture": "#5"},
				"up": {"uv": [0, 0, 3, 3], "texture": "#5"},
				"down": {"uv": [3, 0, 6, 3], "texture": "#5"}
			}
		},
		{
			"name": "Leaf 1",
			"from": [8, 6, 15.5],
			"to": [13, 9, 15.5],
			"rotation": {"angle": -22.5, "axis": "y", "origin": [10.5, 7.33333, 15.5]},
			"faces": {
				"north": {"uv": [0, 5, 5, 8], "texture": "#5"},
				"east": {"uv": [0, 0, 0, 3], "texture": "#missing"},
				"south": {"uv": [0, 5, 5, 8], "texture": "#5"},
				"west": {"uv": [0, 0, 0, 3], "texture": "#missing"},
				"up": {"uv": [0, 0, 5, 0], "texture": "#missing"},
				"down": {"uv": [0, 0, 5, 0], "texture": "#missing"}
			}
		},
		{
			"name": "Leaf 2",
			"from": [10.5, 6, 13],
			"to": [10.5, 9, 18],
			"rotation": {"angle": -22.5, "axis": "y", "origin": [10.5, 7.33333, 15.5]},
			"faces": {
				"north": {"uv": [0, 0, 0, 3], "texture": "#missing"},
				"east": {"uv": [0, 5, 5, 8], "texture": "#5"},
				"south": {"uv": [0, 0, 0, 3], "texture": "#missing"},
				"west": {"uv": [0, 5, 5, 8], "texture": "#5"},
				"up": {"uv": [0, 0, 0, 5], "texture": "#missing"},
				"down": {"uv": [0, 0, 0, 5], "texture": "#missing"}
			}
		},
		{
			"name": "Middle",
			"from": [15, 8, 2],
			"to": [18, 10, 5],
			"rotation": {"angle": -22.5, "axis": "y", "origin": [16.5, 9.33333, 3.5]},
			"faces": {
				"north": {"uv": [0, 3, 3, 5], "texture": "#5"},
				"east": {"uv": [0, 3, 3, 5], "texture": "#5"},
				"south": {"uv": [0, 3, 3, 5], "texture": "#5"},
				"west": {"uv": [0, 3, 3, 5], "texture": "#5"},
				"up": {"uv": [0, 0, 3, 3], "rotation": 270, "texture": "#5"},
				"down": {"uv": [3, 0, 6, 3], "rotation": 90, "texture": "#5"}
			}
		},
		{
			"name": "Leaf 1",
			"from": [16.5, 8, 1],
			"to": [16.5, 11, 6],
			"rotation": {"angle": -22.5, "axis": "y", "origin": [16.5, 9.33333, 3.5]},
			"faces": {
				"north": {"uv": [0, 0, 0, 3], "texture": "#missing"},
				"east": {"uv": [0, 5, 5, 8], "texture": "#5"},
				"south": {"uv": [0, 0, 0, 3], "texture": "#missing"},
				"west": {"uv": [0, 5, 5, 8], "texture": "#5"},
				"up": {"uv": [0, 0, 5, 0], "rotation": 270, "texture": "#missing"},
				"down": {"uv": [0, 0, 5, 0], "rotation": 90, "texture": "#missing"}
			}
		},
		{
			"name": "Leaf 2",
			"from": [14, 8, 3.5],
			"to": [19, 11, 3.5],
			"rotation": {"angle": -22.5, "axis": "y", "origin": [16.5, 9.33333, 3.5]},
			"faces": {
				"north": {"uv": [0, 5, 5, 8], "texture": "#5"},
				"east": {"uv": [0, 0, 0, 3], "texture": "#missing"},
				"south": {"uv": [0, 5, 5, 8], "texture": "#5"},
				"west": {"uv": [0, 0, 0, 3], "texture": "#missing"},
				"up": {"uv": [0, 0, 0, 5], "rotation": 270, "texture": "#missing"},
				"down": {"uv": [0, 0, 0, 5], "rotation": 90, "texture": "#missing"}
			}
		},
		{
			"name": "Middle",
			"from": [12, 3, 5],
			"to": [15, 5, 8],
			"rotation": {"angle": -45, "axis": "z", "origin": [13.5, 4.33333, 6.5]},
			"faces": {
				"north": {"uv": [0, 3, 3, 5], "texture": "#5"},
				"east": {"uv": [0, 3, 3, 5], "texture": "#5"},
				"south": {"uv": [0, 3, 3, 5], "texture": "#5"},
				"west": {"uv": [0, 3, 3, 5], "texture": "#5"},
				"up": {"uv": [0, 0, 3, 3], "rotation": 270, "texture": "#5"},
				"down": {"uv": [3, 0, 6, 3], "rotation": 90, "texture": "#5"}
			}
		},
		{
			"name": "Leaf 1",
			"from": [13.5, 3, 4],
			"to": [13.5, 6, 9],
			"rotation": {"angle": -45, "axis": "z", "origin": [13.5, 4.33333, 6.5]},
			"faces": {
				"north": {"uv": [0, 0, 0, 3], "texture": "#missing"},
				"east": {"uv": [0, 5, 5, 8], "texture": "#5"},
				"south": {"uv": [0, 0, 0, 3], "texture": "#missing"},
				"west": {"uv": [0, 5, 5, 8], "texture": "#5"},
				"up": {"uv": [0, 0, 5, 0], "rotation": 270, "texture": "#missing"},
				"down": {"uv": [0, 0, 5, 0], "rotation": 90, "texture": "#missing"}
			}
		},
		{
			"name": "Leaf 2",
			"from": [11, 3, 6.5],
			"to": [16, 6, 6.5],
			"rotation": {"angle": -45, "axis": "z", "origin": [13.5, 4.33333, 6.5]},
			"faces": {
				"north": {"uv": [0, 5, 5, 8], "texture": "#5"},
				"east": {"uv": [0, 0, 0, 3], "texture": "#missing"},
				"south": {"uv": [0, 5, 5, 8], "texture": "#5"},
				"west": {"uv": [0, 0, 0, 3], "texture": "#missing"},
				"up": {"uv": [0, 0, 0, 5], "rotation": 270, "texture": "#missing"},
				"down": {"uv": [0, 0, 0, 5], "rotation": 90, "texture": "#missing"}
			}
		},
		{
			"name": "Middle",
			"from": [4, 11, 14],
			"to": [7, 13, 17],
			"rotation": {"angle": 22.5, "axis": "x", "origin": [5.5, 12.33333, 15.5]},
			"faces": {
				"north": {"uv": [0, 3, 3, 5], "texture": "#5"},
				"east": {"uv": [0, 3, 3, 5], "texture": "#5"},
				"south": {"uv": [0, 3, 3, 5], "texture": "#5"},
				"west": {"uv": [0, 3, 3, 5], "texture": "#5"},
				"up": {"uv": [0, 0, 3, 3], "texture": "#5"},
				"down": {"uv": [3, 0, 6, 3], "texture": "#5"}
			}
		},
		{
			"name": "Leaf 1",
			"from": [3, 11, 15.5],
			"to": [8, 14, 15.5],
			"rotation": {"angle": 22.5, "axis": "x", "origin": [5.5, 12.33333, 15.5]},
			"faces": {
				"north": {"uv": [0, 5, 5, 8], "texture": "#5"},
				"east": {"uv": [0, 0, 0, 3], "texture": "#missing"},
				"south": {"uv": [0, 5, 5, 8], "texture": "#5"},
				"west": {"uv": [0, 0, 0, 3], "texture": "#missing"},
				"up": {"uv": [0, 0, 5, 0], "texture": "#missing"},
				"down": {"uv": [0, 0, 5, 0], "texture": "#missing"}
			}
		},
		{
			"name": "Leaf 2",
			"from": [5.5, 11, 13],
			"to": [5.5, 14, 18],
			"rotation": {"angle": 22.5, "axis": "x", "origin": [5.5, 12.33333, 15.5]},
			"faces": {
				"north": {"uv": [0, 0, 0, 3], "texture": "#missing"},
				"east": {"uv": [0, 5, 5, 8], "texture": "#5"},
				"south": {"uv": [0, 0, 0, 3], "texture": "#missing"},
				"west": {"uv": [0, 5, 5, 8], "texture": "#5"},
				"up": {"uv": [0, 0, 0, 5], "texture": "#missing"},
				"down": {"uv": [0, 0, 0, 5], "texture": "#missing"}
			}
		}
	],
	"groups": [
		{
			"name": "Rose Bush Top",
			"origin": [8, 8, 8],
			"children": [0, 1, 2, 3]
		},
		{
			"name": "Roses",
			"origin": [8, 8, 8],
			"children": [
				{
					"name": "1",
					"origin": [8, 8, 8],
					"children": [4, 5, 6]
				},
				{
					"name": "2",
					"origin": [8, 8, 8],
					"children": [7, 8, 9]
				},
				{
					"name": "3",
					"origin": [8, 8, 8],
					"children": [10, 11, 12]
				},
				{
					"name": "4",
					"origin": [8, 8, 8],
					"children": [13, 14, 15]
				},
				{
					"name": "5",
					"origin": [8, 8, 8],
					"children": [16, 17, 18]
				},
				{
					"name": "6",
					"origin": [8, 8, 8],
					"children": [19, 20, 21]
				},
				{
					"name": "7",
					"origin": [8, 8, 8],
					"children": [22, 23, 24]
				},
				{
					"name": "8",
					"origin": [8, 8, 8],
					"children": [25, 26, 27]
				},
				{
					"name": "9",
					"origin": [8, 8, 8],
					"children": [28, 29, 30]
				},
				{
					"name": "10",
					"origin": [8, 8, 8],
					"children": [31, 32, 33]
				},
				{
					"name": "11",
					"origin": [8, 8, 8],
					"children": [34, 35, 36]
				},
				{
					"name": "12",
					"origin": [8, 8, 8],
					"children": [37, 38, 39]
				},
				{
					"name": "13",
					"origin": [8, 8, 8],
					"children": [40, 41, 42]
				},
				{
					"name": "14",
					"origin": [8, 8, 8],
					"children": [43, 44, 45]
				},
				{
					"name": "15",
					"origin": [8, 8, 8],
					"children": [46, 47, 48]
				}
			]
		}
	]
}