{
	"credit": "Made by lajawi with Blockbench - https://blockbench.net",
	"textures": {
		"particle": "#texture"
	},
	"elements": [
		{
			"name": "top bar",
			"from": [7, 12, 0],
			"to": [9, 15, 9],
			"faces": {
				"north": {"uv": [7, 1, 9, 4], "texture": "#texture", "cullface": "north"},
				"east": {"uv": [0, 1, 9, 4], "texture": "#texture"},
				"south": {"uv": [0, 0, 0, 0], "texture": "#texture"},
				"west": {"uv": [0, 1, 9, 4], "texture": "#texture"},
				"up": {"uv": [3, 8, 12, 10], "rotation": 90, "texture": "#texture"},
				"down": {"uv": [3, 8, 12, 10], "rotation": 90, "texture": "#texture"}
			}
		},
		{
			"name": "lower bar",
			"from": [7, 6, 0],
			"to": [9, 9, 9],
			"faces": {
				"north": {"uv": [7, 9, 9, 12], "texture": "#texture", "cullface": "north"},
				"east": {"uv": [0, 9, 9, 12], "texture": "#texture"},
				"south": {"uv": [0, 0, 0, 0], "texture": "#texture"},
				"west": {"uv": [0, 9, 9, 12], "texture": "#texture"},
				"up": {"uv": [3, 8, 12, 10], "rotation": 90, "texture": "#texture"},
				"down": {"uv": [3, 8, 12, 10], "rotation": 90, "texture": "#texture"}
			}
		}
	]
}