{
	"credit": "Made by lajawi with Blockbench - https://blockbench.net",
	"ambientocclusion": false,
	"texture_size": [32, 32],
	"textures": {
		"3": "block/rails/wooden_bars/rail_corner_wooden_bars",
		"5": "block/rails/rails/rail_corner_rails",
		"particle": "block/rail"
	},
	"elements": [
		{
			"name": "Wooden Bar 2",
			"from": [3.14378, 0, 12.65849],
			"to": [17.14378, 1, 14.65849],
			"rotation": {"angle": -22.5, "axis": "y", "origin": [8.72927, 2.518, 8.68503]},
			"faces": {
				"north": {"uv": [2, 4, 9, 4.5], "texture": "#3"},
				"east": {"uv": [2, 7, 3, 7.5], "texture": "#3"},
				"south": {"uv": [2, 4.5, 9, 5], "texture": "#3"},
				"west": {"uv": [3, 7, 4, 7.5], "texture": "#3"},
				"up": {"uv": [7, 1, 0, 0], "texture": "#3"},
				"down": {"uv": [7, 1, 0, 2], "texture": "#3"}
			}
		},
		{
			"name": "Wooden Bar 3",
			"from": [4.19439, 0, 7.71631],
			"to": [18.19439, 1, 9.71631],
			"rotation": {"angle": -45, "axis": "y", "origin": [8.72927, 2.518, 8.68503]},
			"faces": {
				"north": {"uv": [2, 5, 9, 5.5], "texture": "#3"},
				"east": {"uv": [4, 7, 5, 7.5], "texture": "#3"},
				"south": {"uv": [2, 5.5, 9, 6], "texture": "#3"},
				"west": {"uv": [5, 7, 6, 7.5], "texture": "#3"},
				"up": {"uv": [7, 3, 0, 2], "texture": "#3"},
				"down": {"uv": [7, 3, 0, 4], "texture": "#3"}
			}
		},
		{
			"name": "Wooden Bar 4",
			"from": [12.64493, 0, 3.12348],
			"to": [14.64493, 1, 17.12348],
			"rotation": {"angle": 22.5, "axis": "y", "origin": [8.72927, 2.518, 8.68503]},
			"faces": {
				"north": {"uv": [6, 7, 7, 7.5], "texture": "#3"},
				"east": {"uv": [2, 6, 9, 6.5], "texture": "#3"},
				"south": {"uv": [7, 7, 8, 7.5], "texture": "#3"},
				"west": {"uv": [2, 6.5, 9, 7], "texture": "#3"},
				"up": {"uv": [1, 11, 0, 4], "texture": "#3"},
				"down": {"uv": [2, 4, 1, 11], "texture": "#3"}
			}
		},
		{
			"name": "Rail 1",
			"from": [11.53072, 1, 15.53008],
			"to": [14.17796, 2, 16.53005],
			"rotation": {"angle": 22.5, "axis": "y", "origin": [8.72927, 2.518, 8.68503]},
			"faces": {
				"north": {"uv": [0, 11, 3, 12], "texture": "#5"},
				"east": {"uv": [8, 12, 9, 13], "texture": "#5"},
				"south": {"uv": [0, 11, 3, 12], "texture": "#5"},
				"west": {"uv": [11, 12, 12, 13], "texture": "#5"},
				"up": {"uv": [9, 1, 6, 0], "texture": "#5"},
				"down": {"uv": [9, 2, 6, 3], "texture": "#5"}
			}
		},
		{
			"name": "Rail 1 Inner",
			"from": [11.11652, 1, 14.53005],
			"to": [14.17796, 1.5, 15.53005],
			"rotation": {"angle": 22.5, "axis": "y", "origin": [8.72927, 2.518, 8.68503]},
			"faces": {
				"north": {"uv": [10, 6, 13, 7], "texture": "#5"},
				"east": {"uv": [9, 12, 10, 13], "texture": "#5"},
				"up": {"uv": [9, 2, 6, 1], "texture": "#5"},
				"down": {"uv": [9, 3, 6, 4], "texture": "#5"}
			}
		},
		{
			"name": "Rail 2",
			"from": [15.55038, 1, 11.54429],
			"to": [16.55035, 2, 14.19153],
			"rotation": {"angle": -22.5, "axis": "y", "origin": [8.72927, 2.518, 8.68503]},
			"faces": {
				"north": {"uv": [12, 12, 13, 13], "texture": "#5"},
				"east": {"uv": [8, 11, 11, 12], "texture": "#5"},
				"south": {"uv": [13, 0, 14, 1], "texture": "#5"},
				"west": {"uv": [8, 11, 11, 12], "texture": "#5"},
				"up": {"uv": [5, 10, 4, 7], "texture": "#5"},
				"down": {"uv": [7, 7, 6, 10], "texture": "#5"}
			}
		},
		{
			"name": "Rail 2 Inner",
			"from": [14.55035, 1, 11.13009],
			"to": [15.55035, 1.5, 14.19153],
			"rotation": {"angle": -22.5, "axis": "y", "origin": [8.72927, 2.518, 8.68503]},
			"faces": {
				"south": {"uv": [12, 0, 13, 1], "texture": "#5"},
				"west": {"uv": [11, 11, 14, 12], "texture": "#5"},
				"up": {"uv": [6, 10, 5, 7], "texture": "#5"},
				"down": {"uv": [8, 7, 7, 10], "texture": "#5"}
			}
		},
		{
			"name": "Rail 1",
			"from": [13, 1, 2],
			"to": [16, 2, 3],
			"rotation": {"angle": 0, "axis": "y", "origin": [8.72927, 2.518, 8.68503]},
			"faces": {
				"north": {"uv": [11, 4, 14, 5], "texture": "#5"},
				"east": {"uv": [13, 1, 14, 2], "texture": "#5"},
				"south": {"uv": [11, 4, 14, 5], "texture": "#5"},
				"west": {"uv": [0, 13, 1, 14], "texture": "#5"},
				"up": {"uv": [11, 10, 8, 9], "texture": "#5"},
				"down": {"uv": [12, 1, 9, 2], "texture": "#5"}
			}
		},
		{
			"name": "Rail 1 Inner",
			"from": [13, 1, 3],
			"to": [16, 1.5, 4],
			"rotation": {"angle": 0, "axis": "y", "origin": [8.72927, 2.518, 8.68503]},
			"faces": {
				"east": {"uv": [12, 1, 13, 2], "texture": "#5"},
				"south": {"uv": [11, 8, 14, 9], "texture": "#5"},
				"up": {"uv": [11, 9, 8, 8], "texture": "#5"},
				"down": {"uv": [12, 0, 9, 1], "texture": "#5"}
			}
		},
		{
			"name": "Rail 2",
			"from": [10.23316, 1, 4.1432],
			"to": [15.23316, 2, 5.1432],
			"rotation": {"angle": 22.5, "axis": "y", "origin": [8.72927, 2.518, 8.68503]},
			"faces": {
				"north": {"uv": [9, 2, 14, 3], "texture": "#5"},
				"east": {"uv": [3, 13, 4, 14], "texture": "#5"},
				"south": {"uv": [9, 2, 14, 3], "texture": "#5"},
				"west": {"uv": [4, 13, 5, 14], "texture": "#5"},
				"up": {"uv": [5, 6, 0, 5], "texture": "#5"},
				"down": {"uv": [10, 6, 5, 7], "texture": "#5"}
			}
		},
		{
			"name": "Rail 2 Inner",
			"from": [10.23316, 1, 5.1432],
			"to": [15.23316, 1.5, 6.1432],
			"rotation": {"angle": 22.5, "axis": "y", "origin": [8.72927, 2.518, 8.68503]},
			"faces": {
				"south": {"uv": [9, 3, 14, 4], "texture": "#5"},
				"up": {"uv": [5, 5, 0, 4], "texture": "#5"},
				"down": {"uv": [10, 5, 5, 6], "texture": "#5"}
			}
		},
		{
			"name": "Rail 3",
			"from": [5.53921, 1, 5.06445],
			"to": [11.85676, 2, 6.06445],
			"rotation": {"angle": 45, "axis": "y", "origin": [8.72927, 2.518, 8.68503]},
			"faces": {
				"north": {"uv": [5, 4, 11, 5], "texture": "#5"},
				"east": {"uv": [7, 13, 8, 14], "texture": "#5"},
				"south": {"uv": [5, 4, 11, 5], "texture": "#5"},
				"west": {"uv": [8, 13, 9, 14], "texture": "#5"},
				"up": {"uv": [6, 2, 0, 1], "texture": "#5"},
				"down": {"uv": [6, 3, 0, 4], "texture": "#5"}
			}
		},
		{
			"name": "Rail 3 Inner",
			"from": [5.53921, 1, 6.06445],
			"to": [11.85676, 1.5, 7.06445],
			"rotation": {"angle": 45, "axis": "y", "origin": [8.72927, 2.518, 8.68503]},
			"faces": {
				"south": {"uv": [8, 7, 14, 8], "texture": "#5"},
				"up": {"uv": [6, 1, 0, 0], "texture": "#5"},
				"down": {"uv": [6, 2, 0, 3], "texture": "#5"}
			}
		},
		{
			"name": "Rail 4",
			"from": [4.1635, 1, 10.24672],
			"to": [5.1635, 2, 15.24672],
			"rotation": {"angle": -22.5, "axis": "y", "origin": [8.72927, 2.518, 8.68503]},
			"faces": {
				"north": {"uv": [11, 13, 12, 14], "texture": "#5"},
				"east": {"uv": [10, 5, 15, 6], "texture": "#5"},
				"south": {"uv": [12, 13, 13, 14], "texture": "#5"},
				"west": {"uv": [10, 5, 15, 6], "texture": "#5"},
				"up": {"uv": [2, 11, 1, 6], "texture": "#5"},
				"down": {"uv": [4, 6, 3, 11], "texture": "#5"}
			}
		},
		{
			"name": "Rail 4 Inner",
			"from": [5.1635, 1, 10.24672],
			"to": [6.1635, 1.5, 15.24672],
			"rotation": {"angle": -22.5, "axis": "y", "origin": [8.72927, 2.518, 8.68503]},
			"faces": {
				"east": {"uv": [8, 10, 13, 11], "texture": "#5"},
				"up": {"uv": [1, 11, 0, 6], "texture": "#5"},
				"down": {"uv": [3, 6, 2, 11], "texture": "#5"}
			}
		},
		{
			"name": "Rail 5",
			"from": [2, 1, 13],
			"to": [3, 2, 16],
			"rotation": {"angle": 0, "axis": "y", "origin": [8.72927, 2.518, 8.68503]},
			"faces": {
				"north": {"uv": [14, 6, 15, 7], "texture": "#5"},
				"east": {"uv": [0, 12, 3, 13], "texture": "#5"},
				"south": {"uv": [13, 10, 14, 11], "texture": "#5"},
				"west": {"uv": [0, 12, 3, 13], "texture": "#5"},
				"up": {"uv": [6, 13, 5, 10], "texture": "#5"},
				"down": {"uv": [8, 10, 7, 13], "texture": "#5"}
			}
		},
		{
			"name": "Rail 5 Inner",
			"from": [3, 1, 13],
			"to": [4, 1.5, 16],
			"rotation": {"angle": 0, "axis": "y", "origin": [8.72927, 2.518, 8.68503]},
			"faces": {
				"east": {"uv": [11, 9, 14, 10], "texture": "#5"},
				"south": {"uv": [14, 10, 15, 11], "texture": "#5"},
				"up": {"uv": [5, 13, 4, 10], "texture": "#5"},
				"down": {"uv": [7, 10, 6, 13], "texture": "#5"}
			}
		}
	],
	"groups": [
		{
			"name": "Rails 2",
			"origin": [8, 8, 8],
			"children": [
				{
					"name": "Corner",
					"origin": [8, 8, 8],
					"children": [
						{
							"name": "Wooden Bars",
							"origin": [8, 8, 8],
							"children": [0, 1, 2]
						},
						{
							"name": "Rails",
							"origin": [8, 8, 14],
							"children": [
								{
									"name": "Inside",
									"origin": [12, 1.5, 16],
									"children": [3, 4, 5, 6]
								},
								{
									"name": "Outside",
									"origin": [10.61104, 1.5, 4.07193],
									"children": [7, 8, 9, 10, 11, 12, 13, 14, 15, 16]
								}
							]
						}
					]
				}
			]
		}
	]
}