{
	"credit": "Made by lajawi with Blockbench - https://blockbench.net",
	"ambientocclusion": false,
	"textures": {
		"1": "block/nether/warped/fungus/double/warped_fungus_down_double",
		"2": "block/nether/warped/fungus/double/warped_fungus_double",
		"particle": "block/nether/warped/fungus/double/warped_fungus_double"
	},
	"elements": [
		{
			"name": "Cap Short",
			"from": [3, 1, 4],
			"to": [7, 2, 8],
			"rotation": {"angle": 0, "axis": "y", "origin": [5, 2.5, 6]},
			"faces": {
				"north": {"uv": [12, 13, 16, 14], "texture": "#2"},
				"east": {"uv": [12, 13, 16, 14], "texture": "#2"},
				"south": {"uv": [12, 13, 16, 14], "texture": "#2"},
				"west": {"uv": [12, 13, 16, 14], "texture": "#2"},
				"up": {"uv": [12, 9, 16, 13], "texture": "#2"},
				"down": {"uv": [12, 12, 16, 16], "texture": "#1"}
			}
		},
		{
			"name": "Stem Short",
			"from": [4.5, 0, 5.5],
			"to": [5.5, 1, 6.5],
			"rotation": {"angle": 0, "axis": "y", "origin": [4, -1.5, 6]},
			"faces": {
				"north": {"uv": [0, 14, 1, 15], "rotation": 90, "texture": "#2"},
				"east": {"uv": [8, 14, 9, 15], "rotation": 90, "texture": "#2"},
				"south": {"uv": [11, 14, 12, 15], "rotation": 90, "texture": "#2"},
				"west": {"uv": [5, 14, 6, 15], "rotation": 90, "texture": "#2"},
				"up": {"uv": [5, 14, 6, 15], "rotation": 90, "texture": "#2"},
				"down": {"uv": [7, 14, 8, 15], "rotation": 90, "texture": "#2"}
			}
		},
		{
			"name": "Cap Tall",
			"from": [7, 5, 7],
			"to": [14, 7, 14],
			"rotation": {"angle": 0, "axis": "y", "origin": [10.5, 6, 10.5]},
			"faces": {
				"north": {"uv": [9, 7, 16, 9], "texture": "#2"},
				"east": {"uv": [9, 7, 16, 9], "texture": "#2"},
				"south": {"uv": [9, 7, 16, 9], "texture": "#2"},
				"west": {"uv": [9, 7, 16, 9], "texture": "#2"},
				"up": {"uv": [9, 0, 16, 7], "texture": "#2"},
				"down": {"uv": [9, 0, 16, 7], "texture": "#1"}
			}
		},
		{
			"name": "Stem Tall",
			"from": [10, 0, 10],
			"to": [11, 5, 11],
			"rotation": {"angle": 0, "axis": "y", "origin": [11, -0.5, 11]},
			"faces": {
				"north": {"uv": [8, 14, 13, 15], "rotation": 90, "texture": "#2"},
				"east": {"uv": [3, 15, 8, 16], "rotation": 90, "texture": "#2"},
				"south": {"uv": [8, 15, 13, 16], "rotation": 90, "texture": "#2"},
				"west": {"uv": [0, 14, 5, 15], "rotation": 90, "texture": "#2"},
				"up": {"uv": [0, 14, 1, 15], "rotation": 90, "texture": "#2"},
				"down": {"uv": [2, 15, 3, 16], "rotation": 90, "texture": "#2"}
			}
		}
	],
	"display": {
		"thirdperson_righthand": {
			"rotation": [75, 45, 0],
			"translation": [0, 2.5, 0],
			"scale": [0.375, 0.375, 0.375]
		},
		"thirdperson_lefthand": {
			"rotation": [75, 45, 0],
			"translation": [0, 2.5, 0],
			"scale": [0.375, 0.375, 0.375]
		},
		"firstperson_righthand": {
			"rotation": [0, 45, 0],
			"scale": [0.4, 0.4, 0.4]
		},
		"firstperson_lefthand": {
			"rotation": [0, 225, 0],
			"scale": [0.4, 0.4, 0.4]
		},
		"ground": {
			"translation": [0, 3, 0],
			"scale": [0.25, 0.25, 0.25]
		},
		"gui": {
			"rotation": [30, 225, 0],
			"scale": [0.625, 0.625, 0.625]
		},
		"fixed": {
			"scale": [0.5, 0.5, 0.5]
		}
	},
	"groups": [
		{
			"name": "Short",
			"origin": [5, 2.5, 5],
			"children": [0, 1]
		},
		{
			"name": "Tall",
			"origin": [11, 2.5, 11],
			"children": [2, 3]
		}
	]
}