{
	"credit": "Made by lajawi with Blockbench - https://blockbench.net",
	"ambientocclusion": false,
	"textures": {
		"3": "block/redstone/hopper/side/hopper_outside_left",
		"4": "block/redstone/hopper/side/hopper_outside_right",
		"5": "block/redstone/hopper/side/hopper_outside_back",
		"6": "block/redstone/hopper/side/hopper_outside_front",
		"top": "block/redstone/hopper/side/hopper_top",
		"particle": "block/redstone/hopper/side/hopper_outside",
		"side": "block/redstone/hopper/side/hopper_outside",
		"inside": "block/redstone/hopper/side/hopper_inside"
	},
	"elements": [
		{
			"from": [0, 10, 0],
			"to": [16, 11, 16],
			"rotation": {"angle": 0, "axis": "y", "origin": [8, 10.5, 8]},
			"faces": {
				"north": {"uv": [0, 5, 16, 6], "texture": "#side", "cullface": "north"},
				"east": {"uv": [0, 5, 16, 6], "texture": "#side", "cullface": "east"},
				"south": {"uv": [0, 5, 16, 6], "texture": "#side", "cullface": "south"},
				"west": {"uv": [0, 5, 16, 6], "texture": "#side", "cullface": "west"},
				"up": {"uv": [0, 0, 16, 16], "texture": "#inside", "cullface": "up"},
				"down": {"uv": [0, 0, 16, 16], "texture": "#side"}
			}
		},
		{
			"from": [0, 11, 0],
			"to": [2, 16, 16],
			"faces": {
				"north": {"uv": [14, 0, 16, 5], "texture": "#3", "cullface": "north"},
				"east": {"uv": [0, 0, 16, 5], "texture": "#side", "cullface": "up"},
				"south": {"uv": [0, 0, 2, 5], "texture": "#3", "cullface": "south"},
				"west": {"uv": [0, 0, 16, 5], "texture": "#3", "cullface": "west"},
				"up": {"uv": [0, 0, 2, 16], "texture": "#top", "cullface": "up"},
				"down": {"uv": [0, 0, 0, 0], "texture": "#3"}
			}
		},
		{
			"from": [14, 11, 0],
			"to": [16, 16, 16],
			"faces": {
				"north": {"uv": [0, 0, 2, 5], "texture": "#4", "cullface": "north"},
				"east": {"uv": [0, 0, 16, 5], "texture": "#4", "cullface": "east"},
				"south": {"uv": [14, 0, 16, 5], "texture": "#4", "cullface": "south"},
				"west": {"uv": [0, 0, 16, 5], "texture": "#side", "cullface": "up"},
				"up": {"uv": [14, 0, 16, 16], "texture": "#top", "cullface": "up"},
				"down": {"uv": [0, 0, 0, 0], "texture": "#4"}
			}
		},
		{
			"from": [2, 11, 0],
			"to": [14, 16, 2],
			"faces": {
				"north": {"uv": [2, 0, 14, 5], "texture": "#6", "cullface": "north"},
				"east": {"uv": [0, 0, 0, 0], "texture": "#6"},
				"south": {"uv": [2, 0, 14, 5], "texture": "#side", "cullface": "up"},
				"west": {"uv": [0, 0, 0, 0], "texture": "#6"},
				"up": {"uv": [2, 0, 14, 2], "texture": "#top", "cullface": "up"},
				"down": {"uv": [0, 0, 0, 0], "texture": "#6"}
			}
		},
		{
			"from": [2, 11, 14],
			"to": [14, 16, 16],
			"faces": {
				"north": {"uv": [2, 0, 14, 5], "texture": "#side", "cullface": "up"},
				"east": {"uv": [0, 0, 0, 0], "texture": "#5"},
				"south": {"uv": [2, 0, 14, 5], "texture": "#5", "cullface": "south"},
				"west": {"uv": [0, 0, 0, 0], "texture": "#5"},
				"up": {"uv": [2, 14, 14, 16], "texture": "#top", "cullface": "up"},
				"down": {"uv": [0, 0, 0, 0], "texture": "#5"}
			}
		},
		{
			"from": [4, 4, 4],
			"to": [12, 10, 12],
			"faces": {
				"north": {"uv": [4, 6, 12, 12], "texture": "#side"},
				"east": {"uv": [4, 6, 12, 12], "texture": "#side"},
				"south": {"uv": [4, 6, 12, 12], "texture": "#side"},
				"west": {"uv": [4, 6, 12, 12], "texture": "#side"},
				"down": {"uv": [4, 4, 12, 12], "texture": "#side"}
			}
		},
		{
			"from": [6, 4, 0],
			"to": [10, 8, 4],
			"faces": {
				"north": {"uv": [6, 8, 10, 12], "texture": "#side", "cullface": "north"},
				"east": {"uv": [12, 8, 16, 12], "texture": "#side"},
				"west": {"uv": [0, 8, 4, 12], "texture": "#side"},
				"up": {"uv": [6, 0, 10, 4], "texture": "#side"},
				"down": {"uv": [6, 12, 10, 16], "texture": "#side"}
			}
		}
	]
}