{
	"credit": "Made by lajawi with Blockbench - https://blockbench.net",
	"ambientocclusion": false,
	"textures": {
		"0": "block/fooliage/flowers/rose_bush/bottom/left_front",
		"1": "block/fooliage/flowers/rose_bush/bottom/right_front",
		"2": "block/fooliage/flowers/rose_bush/bottom/left_back",
		"3": "block/fooliage/flowers/rose_bush/bottom/right_back",
		"5": "block/fooliage/flowers/rose_bush/roses",
		"particle": "block/fooliage/flowers/rose_bush/bottom/left_front"
	},
	"elements": [
		{
			"name": "Left Front",
			"from": [0, 0, 6],
			"to": [16, 16, 6],
			"rotation": {"angle": -45, "axis": "y", "origin": [8, 8, 8], "rescale": true},
			"faces": {
				"north": {"uv": [0, 0, 16, 16], "texture": "#0"},
				"east": {"uv": [0, 0, 0, 0], "texture": "#0"},
				"south": {"uv": [16, 0, 0, 16], "texture": "#0"},
				"west": {"uv": [0, 0, 0, 0], "texture": "#0"},
				"up": {"uv": [0, 0, 0, 0], "texture": "#0"},
				"down": {"uv": [0, 0, 0, 0], "texture": "#0"}
			}
		},
		{
			"name": "Right Front",
			"from": [6, 0, -3],
			"to": [6, 16, 13],
			"rotation": {"angle": -45, "axis": "y", "origin": [5, 8, 5], "rescale": true},
			"faces": {
				"north": {"uv": [0, 0, 0, 0], "texture": "#1"},
				"east": {"uv": [16, 0, 0, 16], "texture": "#1"},
				"south": {"uv": [0, 0, 0, 0], "texture": "#1"},
				"west": {"uv": [0, 0, 16, 16], "texture": "#1"},
				"up": {"uv": [0, 0, 0, 0], "texture": "#1"},
				"down": {"uv": [0, 0, 0, 0], "texture": "#1"}
			}
		},
		{
			"name": "Left Back",
			"from": [10, 0, 3],
			"to": [10, 16, 19],
			"rotation": {"angle": -45, "axis": "y", "origin": [11, 8, 11], "rescale": true},
			"faces": {
				"north": {"uv": [0, 0, 0, 0], "texture": "#2"},
				"east": {"uv": [0, 0, 16, 16], "texture": "#2"},
				"south": {"uv": [0, 0, 0, 0], "texture": "#2"},
				"west": {"uv": [16, 0, 0, 16], "texture": "#2"},
				"up": {"uv": [0, 0, 0, 0], "texture": "#2"},
				"down": {"uv": [0, 0, 0, 0], "texture": "#2"}
			}
		},
		{
			"name": "Right Back",
			"from": [0, 0, 10],
			"to": [16, 16, 10],
			"rotation": {"angle": -45, "axis": "y", "origin": [8, 8, 8], "rescale": true},
			"faces": {
				"north": {"uv": [16, 0, 0, 16], "texture": "#3"},
				"east": {"uv": [0, 0, 0, 0], "texture": "#3"},
				"south": {"uv": [0, 0, 16, 16], "texture": "#3"},
				"west": {"uv": [0, 0, 0, 0], "texture": "#3"},
				"up": {"uv": [0, 0, 0, 0], "texture": "#3"},
				"down": {"uv": [0, 0, 0, 0], "texture": "#3"}
			}
		},
		{
			"name": "Middle",
			"from": [15, 14, 11],
			"to": [18, 16, 14],
			"rotation": {"angle": -22.5, "axis": "x", "origin": [16.5, 15.33333, 12.5]},
			"faces": {
				"north": {"uv": [0, 3, 3, 5], "texture": "#5"},
				"east": {"uv": [0, 3, 3, 5], "texture": "#5"},
				"south": {"uv": [0, 3, 3, 5], "texture": "#5"},
				"west": {"uv": [0, 3, 3, 5], "texture": "#5"},
				"up": {"uv": [0, 0, 3, 3], "texture": "#5"},
				"down": {"uv": [3, 0, 6, 3], "texture": "#5"}
			}
		},
		{
			"name": "Leaf 1",
			"from": [14, 14, 12.5],
			"to": [19, 17, 12.5],
			"rotation": {"angle": -22.5, "axis": "x", "origin": [16.5, 15.33333, 12.5]},
			"faces": {
				"north": {"uv": [0, 5, 5, 8], "texture": "#5"},
				"east": {"uv": [0, 0, 0, 3], "texture": "#missing"},
				"south": {"uv": [0, 5, 5, 8], "texture": "#5"},
				"west": {"uv": [0, 0, 0, 3], "texture": "#missing"},
				"up": {"uv": [0, 0, 5, 0], "texture": "#missing"},
				"down": {"uv": [0, 0, 5, 0], "texture": "#missing"}
			}
		},
		{
			"name": "Leaf 2",
			"from": [16.5, 14, 10],
			"to": [16.5, 17, 15],
			"rotation": {"angle": -22.5, "axis": "x", "origin": [16.5, 15.33333, 12.5]},
			"faces": {
				"north": {"uv": [0, 0, 0, 3], "texture": "#missing"},
				"east": {"uv": [0, 5, 5, 8], "texture": "#5"},
				"south": {"uv": [0, 0, 0, 3], "texture": "#missing"},
				"west": {"uv": [0, 5, 5, 8], "texture": "#5"},
				"up": {"uv": [0, 0, 0, 5], "texture": "#missing"},
				"down": {"uv": [0, 0, 0, 5], "texture": "#missing"}
			}
		},
		{
			"name": "Middle",
			"from": [3, 8, 14],
			"to": [6, 10, 17],
			"rotation": {"angle": -22.5, "axis": "y", "origin": [4.5, 9.33333, 15.5]},
			"faces": {
				"north": {"uv": [0, 3, 3, 5], "texture": "#5"},
				"east": {"uv": [0, 3, 3, 5], "texture": "#5"},
				"south": {"uv": [0, 3, 3, 5], "texture": "#5"},
				"west": {"uv": [0, 3, 3, 5], "texture": "#5"},
				"up": {"uv": [0, 0, 3, 3], "texture": "#5"},
				"down": {"uv": [3, 0, 6, 3], "texture": "#5"}
			}
		},
		{
			"name": "Leaf 1",
			"from": [2, 8, 15.5],
			"to": [7, 11, 15.5],
			"rotation": {"angle": -22.5, "axis": "y", "origin": [4.5, 9.33333, 15.5]},
			"faces": {
				"north": {"uv": [0, 5, 5, 8], "texture": "#5"},
				"east": {"uv": [0, 0, 0, 3], "texture": "#missing"},
				"south": {"uv": [0, 5, 5, 8], "texture": "#5"},
				"west": {"uv": [0, 0, 0, 3], "texture": "#missing"},
				"up": {"uv": [0, 0, 5, 0], "texture": "#missing"},
				"down": {"uv": [0, 0, 5, 0], "texture": "#missing"}
			}
		},
		{
			"name": "Leaf 2",
			"from": [4.5, 8, 13],
			"to": [4.5, 11, 18],
			"rotation": {"angle": -22.5, "axis": "y", "origin": [4.5, 9.33333, 15.5]},
			"faces": {
				"north": {"uv": [0, 0, 0, 3], "texture": "#missing"},
				"east": {"uv": [0, 5, 5, 8], "texture": "#5"},
				"south": {"uv": [0, 0, 0, 3], "texture": "#missing"},
				"west": {"uv": [0, 5, 5, 8], "texture": "#5"},
				"up": {"uv": [0, 0, 0, 5], "texture": "#missing"},
				"down": {"uv": [0, 0, 0, 5], "texture": "#missing"}
			}
		},
		{
			"name": "Middle",
			"from": [-1, 5, 10],
			"to": [2, 7, 13],
			"rotation": {"angle": 22.5, "axis": "z", "origin": [0.5, 6.33333, 11.5]},
			"faces": {
				"north": {"uv": [0, 3, 3, 5], "texture": "#5"},
				"east": {"uv": [0, 3, 3, 5], "texture": "#5"},
				"south": {"uv": [0, 3, 3, 5], "texture": "#5"},
				"west": {"uv": [0, 3, 3, 5], "texture": "#5"},
				"up": {"uv": [0, 0, 3, 3], "texture": "#5"},
				"down": {"uv": [3, 0, 6, 3], "texture": "#5"}
			}
		},
		{
			"name": "Leaf 1",
			"from": [-2, 5, 11.5],
			"to": [3, 8, 11.5],
			"rotation": {"angle": 22.5, "axis": "z", "origin": [0.5, 6.33333, 11.5]},
			"faces": {
				"north": {"uv": [0, 5, 5, 8], "texture": "#5"},
				"east": {"uv": [0, 0, 0, 3], "texture": "#missing"},
				"south": {"uv": [0, 5, 5, 8], "texture": "#5"},
				"west": {"uv": [0, 0, 0, 3], "texture": "#missing"},
				"up": {"uv": [0, 0, 5, 0], "texture": "#missing"},
				"down": {"uv": [0, 0, 5, 0], "texture": "#missing"}
			}
		},
		{
			"name": "Leaf 2",
			"from": [0.5, 5, 9],
			"to": [0.5, 8, 14],
			"rotation": {"angle": 22.5, "axis": "z", "origin": [0.5, 6.33333, 11.5]},
			"faces": {
				"north": {"uv": [0, 0, 0, 3], "texture": "#missing"},
				"east": {"uv": [0, 5, 5, 8], "texture": "#5"},
				"south": {"uv": [0, 0, 0, 3], "texture": "#missing"},
				"west": {"uv": [0, 5, 5, 8], "texture": "#5"},
				"up": {"uv": [0, 0, 0, 5], "texture": "#missing"},
				"down": {"uv": [0, 0, 0, 5], "texture": "#missing"}
			}
		},
		{
			"name": "Middle",
			"from": [-1, 14, 10],
			"to": [2, 16, 13],
			"rotation": {"angle": 22.5, "axis": "x", "origin": [0.5, 15.33333, 11.5]},
			"faces": {
				"north": {"uv": [0, 3, 3, 5], "texture": "#5"},
				"east": {"uv": [0, 3, 3, 5], "texture": "#5"},
				"south": {"uv": [0, 3, 3, 5], "texture": "#5"},
				"west": {"uv": [0, 3, 3, 5], "texture": "#5"},
				"up": {"uv": [0, 0, 3, 3], "texture": "#5"},
				"down": {"uv": [3, 0, 6, 3], "texture": "#5"}
			}
		},
		{
			"name": "Leaf 1",
			"from": [-2, 14, 11.5],
			"to": [3, 17, 11.5],
			"rotation": {"angle": 22.5, "axis": "x", "origin": [0.5, 15.33333, 11.5]},
			"faces": {
				"north": {"uv": [0, 5, 5, 8], "texture": "#5"},
				"east": {"uv": [0, 0, 0, 3], "texture": "#missing"},
				"south": {"uv": [0, 5, 5, 8], "texture": "#5"},
				"west": {"uv": [0, 0, 0, 3], "texture": "#missing"},
				"up": {"uv": [0, 0, 5, 0], "texture": "#missing"},
				"down": {"uv": [0, 0, 5, 0], "texture": "#missing"}
			}
		},
		{
			"name": "Leaf 2",
			"from": [0.5, 14, 9],
			"to": [0.5, 17, 14],
			"rotation": {"angle": 22.5, "axis": "x", "origin": [0.5, 15.33333, 11.5]},
			"faces": {
				"north": {"uv": [0, 0, 0, 3], "texture": "#missing"},
				"east": {"uv": [0, 5, 5, 8], "texture": "#5"},
				"south": {"uv": [0, 0, 0, 3], "texture": "#missing"},
				"west": {"uv": [0, 5, 5, 8], "texture": "#5"},
				"up": {"uv": [0, 0, 0, 5], "texture": "#missing"},
				"down": {"uv": [0, 0, 0, 5], "texture": "#missing"}
			}
		},
		{
			"name": "Middle",
			"from": [8, 14, 1],
			"to": [11, 16, 4],
			"rotation": {"angle": -45, "axis": "z", "origin": [9.5, 15.33333, 2.5]},
			"faces": {
				"north": {"uv": [0, 3, 3, 5], "texture": "#5"},
				"east": {"uv": [0, 3, 3, 5], "texture": "#5"},
				"south": {"uv": [0, 3, 3, 5], "texture": "#5"},
				"west": {"uv": [0, 3, 3, 5], "texture": "#5"},
				"up": {"uv": [0, 0, 3, 3], "texture": "#5"},
				"down": {"uv": [3, 0, 6, 3], "texture": "#5"}
			}
		},
		{
			"name": "Leaf 1",
			"from": [7, 14, 2.5],
			"to": [12, 17, 2.5],
			"rotation": {"angle": -45, "axis": "z", "origin": [9.5, 15.33333, 2.5]},
			"faces": {
				"north": {"uv": [0, 5, 5, 8], "texture": "#5"},
				"east": {"uv": [0, 0, 0, 3], "texture": "#missing"},
				"south": {"uv": [0, 5, 5, 8], "texture": "#5"},
				"west": {"uv": [0, 0, 0, 3], "texture": "#missing"},
				"up": {"uv": [0, 0, 5, 0], "texture": "#missing"},
				"down": {"uv": [0, 0, 5, 0], "texture": "#missing"}
			}
		},
		{
			"name": "Leaf 2",
			"from": [9.5, 14, 0],
			"to": [9.5, 17, 5],
			"rotation": {"angle": -45, "axis": "z", "origin": [9.5, 15.33333, 2.5]},
			"faces": {
				"north": {"uv": [0, 0, 0, 3], "texture": "#missing"},
				"east": {"uv": [0, 5, 5, 8], "texture": "#5"},
				"south": {"uv": [0, 0, 0, 3], "texture": "#missing"},
				"west": {"uv": [0, 5, 5, 8], "texture": "#5"},
				"up": {"uv": [0, 0, 0, 5], "texture": "#missing"},
				"down": {"uv": [0, 0, 0, 5], "texture": "#missing"}
			}
		},
		{
			"name": "Middle",
			"from": [5, 10, 2],
			"to": [8, 12, 5],
			"rotation": {"angle": -22.5, "axis": "y", "origin": [6.5, 11.33333, 3.5]},
			"faces": {
				"north": {"uv": [0, 3, 3, 5], "texture": "#5"},
				"east": {"uv": [0, 3, 3, 5], "texture": "#5"},
				"south": {"uv": [0, 3, 3, 5], "texture": "#5"},
				"west": {"uv": [0, 3, 3, 5], "texture": "#5"},
				"up": {"uv": [0, 0, 3, 3], "texture": "#5"},
				"down": {"uv": [3, 0, 6, 3], "texture": "#5"}
			}
		},
		{
			"name": "Leaf 1",
			"from": [4, 10, 3.5],
			"to": [9, 13, 3.5],
			"rotation": {"angle": -22.5, "axis": "y", "origin": [6.5, 11.33333, 3.5]},
			"faces": {
				"north": {"uv": [0, 5, 5, 8], "texture": "#5"},
				"east": {"uv": [0, 0, 0, 3], "texture": "#missing"},
				"south": {"uv": [0, 5, 5, 8], "texture": "#5"},
				"west": {"uv": [0, 0, 0, 3], "texture": "#missing"},
				"up": {"uv": [0, 0, 5, 0], "texture": "#missing"},
				"down": {"uv": [0, 0, 5, 0], "texture": "#missing"}
			}
		},
		{
			"name": "Leaf 2",
			"from": [6.5, 10, 1],
			"to": [6.5, 13, 6],
			"rotation": {"angle": -22.5, "axis": "y", "origin": [6.5, 11.33333, 3.5]},
			"faces": {
				"north": {"uv": [0, 0, 0, 3], "texture": "#missing"},
				"east": {"uv": [0, 5, 5, 8], "texture": "#5"},
				"south": {"uv": [0, 0, 0, 3], "texture": "#missing"},
				"west": {"uv": [0, 5, 5, 8], "texture": "#5"},
				"up": {"uv": [0, 0, 0, 5], "texture": "#missing"},
				"down": {"uv": [0, 0, 0, 5], "texture": "#missing"}
			}
		},
		{
			"name": "Middle",
			"from": [-1, 10, 2],
			"to": [2, 12, 5],
			"rotation": {"angle": -45, "axis": "x", "origin": [0.5, 11.33333, 3.5]},
			"faces": {
				"north": {"uv": [0, 3, 3, 5], "texture": "#5"},
				"east": {"uv": [0, 3, 3, 5], "texture": "#5"},
				"south": {"uv": [0, 3, 3, 5], "texture": "#5"},
				"west": {"uv": [0, 3, 3, 5], "texture": "#5"},
				"up": {"uv": [0, 0, 3, 3], "texture": "#5"},
				"down": {"uv": [3, 0, 6, 3], "texture": "#5"}
			}
		},
		{
			"name": "Leaf 1",
			"from": [-2, 10, 3.5],
			"to": [3, 13, 3.5],
			"rotation": {"angle": -45, "axis": "x", "origin": [0.5, 11.33333, 3.5]},
			"faces": {
				"north": {"uv": [0, 5, 5, 8], "texture": "#5"},
				"east": {"uv": [0, 0, 0, 3], "texture": "#missing"},
				"south": {"uv": [0, 5, 5, 8], "texture": "#5"},
				"west": {"uv": [0, 0, 0, 3], "texture": "#missing"},
				"up": {"uv": [0, 0, 5, 0], "texture": "#missing"},
				"down": {"uv": [0, 0, 5, 0], "texture": "#missing"}
			}
		},
		{
			"name": "Leaf 2",
			"from": [0.5, 10, 1],
			"to": [0.5, 13, 6],
			"rotation": {"angle": -45, "axis": "x", "origin": [0.5, 11.33333, 3.5]},
			"faces": {
				"north": {"uv": [0, 0, 0, 3], "texture": "#missing"},
				"east": {"uv": [0, 5, 5, 8], "texture": "#5"},
				"south": {"uv": [0, 0, 0, 3], "texture": "#missing"},
				"west": {"uv": [0, 5, 5, 8], "texture": "#5"},
				"up": {"uv": [0, 0, 0, 5], "texture": "#missing"},
				"down": {"uv": [0, 0, 0, 5], "texture": "#missing"}
			}
		},
		{
			"name": "Middle",
			"from": [9, 6, -1],
			"to": [12, 8, 2],
			"rotation": {"angle": -22.5, "axis": "x", "origin": [10.5, 7.33333, 0.5]},
			"faces": {
				"north": {"uv": [0, 3, 3, 5], "texture": "#5"},
				"east": {"uv": [0, 3, 3, 5], "texture": "#5"},
				"south": {"uv": [0, 3, 3, 5], "texture": "#5"},
				"west": {"uv": [0, 3, 3, 5], "texture": "#5"},
				"up": {"uv": [0, 0, 3, 3], "texture": "#5"},
				"down": {"uv": [3, 0, 6, 3], "texture": "#5"}
			}
		},
		{
			"name": "Leaf 1",
			"from": [8, 6, 0.5],
			"to": [13, 9, 0.5],
			"rotation": {"angle": -22.5, "axis": "x", "origin": [10.5, 7.33333, 0.5]},
			"faces": {
				"north": {"uv": [0, 5, 5, 8], "texture": "#5"},
				"east": {"uv": [0, 0, 0, 3], "texture": "#missing"},
				"south": {"uv": [0, 5, 5, 8], "texture": "#5"},
				"west": {"uv": [0, 0, 0, 3], "texture": "#missing"},
				"up": {"uv": [0, 0, 5, 0], "texture": "#missing"},
				"down": {"uv": [0, 0, 5, 0], "texture": "#missing"}
			}
		},
		{
			"name": "Leaf 2",
			"from": [10.5, 6, -2],
			"to": [10.5, 9, 3],
			"rotation": {"angle": -22.5, "axis": "x", "origin": [10.5, 7.33333, 0.5]},
			"faces": {
				"north": {"uv": [0, 0, 0, 3], "texture": "#missing"},
				"east": {"uv": [0, 5, 5, 8], "texture": "#5"},
				"south": {"uv": [0, 0, 0, 3], "texture": "#missing"},
				"west": {"uv": [0, 5, 5, 8], "texture": "#5"},
				"up": {"uv": [0, 0, 0, 5], "texture": "#missing"},
				"down": {"uv": [0, 0, 0, 5], "texture": "#missing"}
			}
		},
		{
			"name": "Middle",
			"from": [12, 12, 14],
			"to": [15, 14, 17],
			"rotation": {"angle": 22.5, "axis": "y", "origin": [13.5, 13.33333, 15.5]},
			"faces": {
				"north": {"uv": [0, 3, 3, 5], "texture": "#5"},
				"east": {"uv": [0, 3, 3, 5], "texture": "#5"},
				"south": {"uv": [0, 3, 3, 5], "texture": "#5"},
				"west": {"uv": [0, 3, 3, 5], "texture": "#5"},
				"up": {"uv": [0, 0, 3, 3], "texture": "#5"},
				"down": {"uv": [3, 0, 6, 3], "texture": "#5"}
			}
		},
		{
			"name": "Leaf 1",
			"from": [11, 12, 15.5],
			"to": [16, 15, 15.5],
			"rotation": {"angle": 22.5, "axis": "y", "origin": [13.5, 13.33333, 15.5]},
			"faces": {
				"north": {"uv": [0, 5, 5, 8], "texture": "#5"},
				"east": {"uv": [0, 0, 0, 3], "texture": "#missing"},
				"south": {"uv": [0, 5, 5, 8], "texture": "#5"},
				"west": {"uv": [0, 0, 0, 3], "texture": "#missing"},
				"up": {"uv": [0, 0, 5, 0], "texture": "#missing"},
				"down": {"uv": [0, 0, 5, 0], "texture": "#missing"}
			}
		},
		{
			"name": "Leaf 2",
			"from": [13.5, 12, 13],
			"to": [13.5, 15, 18],
			"rotation": {"angle": 22.5, "axis": "y", "origin": [13.5, 13.33333, 15.5]},
			"faces": {
				"north": {"uv": [0, 0, 0, 3], "texture": "#missing"},
				"east": {"uv": [0, 5, 5, 8], "texture": "#5"},
				"south": {"uv": [0, 0, 0, 3], "texture": "#missing"},
				"west": {"uv": [0, 5, 5, 8], "texture": "#5"},
				"up": {"uv": [0, 0, 0, 5], "texture": "#missing"},
				"down": {"uv": [0, 0, 0, 5], "texture": "#missing"}
			}
		},
		{
			"name": "Middle",
			"from": [3, 5, 0],
			"to": [6, 7, 3],
			"rotation": {"angle": 45, "axis": "z", "origin": [4.5, 6.33333, 1.5]},
			"faces": {
				"north": {"uv": [0, 3, 3, 5], "texture": "#5"},
				"east": {"uv": [0, 3, 3, 5], "texture": "#5"},
				"south": {"uv": [0, 3, 3, 5], "texture": "#5"},
				"west": {"uv": [0, 3, 3, 5], "texture": "#5"},
				"up": {"uv": [0, 0, 3, 3], "texture": "#5"},
				"down": {"uv": [3, 0, 6, 3], "texture": "#5"}
			}
		},
		{
			"name": "Leaf 1",
			"from": [2, 5, 1.5],
			"to": [7, 8, 1.5],
			"rotation": {"angle": 45, "axis": "z", "origin": [4.5, 6.33333, 1.5]},
			"faces": {
				"north": {"uv": [0, 5, 5, 8], "texture": "#5"},
				"east": {"uv": [0, 0, 0, 3], "texture": "#missing"},
				"south": {"uv": [0, 5, 5, 8], "texture": "#5"},
				"west": {"uv": [0, 0, 0, 3], "texture": "#missing"},
				"up": {"uv": [0, 0, 5, 0], "texture": "#missing"},
				"down": {"uv": [0, 0, 5, 0], "texture": "#missing"}
			}
		},
		{
			"name": "Leaf 2",
			"from": [4.5, 5, -1],
			"to": [4.5, 8, 4],
			"rotation": {"angle": 45, "axis": "z", "origin": [4.5, 6.33333, 1.5]},
			"faces": {
				"north": {"uv": [0, 0, 0, 3], "texture": "#missing"},
				"east": {"uv": [0, 5, 5, 8], "texture": "#5"},
				"south": {"uv": [0, 0, 0, 3], "texture": "#missing"},
				"west": {"uv": [0, 5, 5, 8], "texture": "#5"},
				"up": {"uv": [0, 0, 0, 5], "texture": "#missing"},
				"down": {"uv": [0, 0, 0, 5], "texture": "#missing"}
			}
		},
		{
			"name": "Middle",
			"from": [15, 10, 3],
			"to": [18, 12, 6],
			"rotation": {"angle": -22.5, "axis": "z", "origin": [16.5, 11.33333, 4.5]},
			"faces": {
				"north": {"uv": [0, 3, 3, 5], "texture": "#5"},
				"east": {"uv": [0, 3, 3, 5], "texture": "#5"},
				"south": {"uv": [0, 3, 3, 5], "texture": "#5"},
				"west": {"uv": [0, 3, 3, 5], "texture": "#5"},
				"up": {"uv": [0, 0, 3, 3], "texture": "#5"},
				"down": {"uv": [3, 0, 6, 3], "texture": "#5"}
			}
		},
		{
			"name": "Leaf 1",
			"from": [14, 10, 4.5],
			"to": [19, 13, 4.5],
			"rotation": {"angle": -22.5, "axis": "z", "origin": [16.5, 11.33333, 4.5]},
			"faces": {
				"north": {"uv": [0, 5, 5, 8], "texture": "#5"},
				"east": {"uv": [0, 0, 0, 3], "texture": "#missing"},
				"south": {"uv": [0, 5, 5, 8], "texture": "#5"},
				"west": {"uv": [0, 0, 0, 3], "texture": "#missing"},
				"up": {"uv": [0, 0, 5, 0], "texture": "#missing"},
				"down": {"uv": [0, 0, 5, 0], "texture": "#missing"}
			}
		},
		{
			"name": "Leaf 2",
			"from": [16.5, 10, 2],
			"to": [16.5, 13, 7],
			"rotation": {"angle": -22.5, "axis": "z", "origin": [16.5, 11.33333, 4.5]},
			"faces": {
				"north": {"uv": [0, 0, 0, 3], "texture": "#missing"},
				"east": {"uv": [0, 5, 5, 8], "texture": "#5"},
				"south": {"uv": [0, 0, 0, 3], "texture": "#missing"},
				"west": {"uv": [0, 5, 5, 8], "texture": "#5"},
				"up": {"uv": [0, 0, 0, 5], "texture": "#missing"},
				"down": {"uv": [0, 0, 0, 5], "texture": "#missing"}
			}
		}
	],
	"display": {},
	"groups": [
		{
			"name": "Rose Bush Bottom",
			"origin": [8, 8, 8],
			"children": [0, 1, 2, 3]
		},
		{
			"name": "Roses",
			"origin": [8, 8, 8],
			"children": [
				{
					"name": "2",
					"origin": [8, 8, 8],
					"children": [4, 5, 6]
				},
				{
					"name": "3",
					"origin": [8, 8, 8],
					"children": [7, 8, 9]
				},
				{
					"name": "4",
					"origin": [8, 8, 8],
					"children": [10, 11, 12]
				},
				{
					"name": "5",
					"origin": [8, 8, 8],
					"children": [13, 14, 15]
				},
				{
					"name": "6",
					"origin": [8, 8, 8],
					"children": [16, 17, 18]
				},
				{
					"name": "7",
					"origin": [8, 8, 8],
					"children": [19, 20, 21]
				},
				{
					"name": "8",
					"origin": [8, 8, 8],
					"children": [22, 23, 24]
				},
				{
					"name": "9",
					"origin": [8, 8, 8],
					"children": [25, 26, 27]
				},
				{
					"name": "10",
					"origin": [8, 8, 8],
					"children": [28, 29, 30]
				},
				{
					"name": "11",
					"origin": [8, 8, 8],
					"children": [31, 32, 33]
				},
				{
					"name": "12",
					"origin": [8, 8, 8],
					"children": [34, 35, 36]
				}
			]
		}
	]
}