{
	"credit": "Made by lajawi with Blockbench - https://blockbench.net",
	"ambientocclusion": false,
	"texture_size": [32, 32],
	"textures": {
		"4": "block/rails/rails/rail_rails",
		"9": "block/rails/wooden_bars/powered_rails/powered_rail_on_wooden_bars",
		"10": "block/rails/wooden_bars/powered_rails/powered_rail_extras",
		"particle": "block/rail"
	},
	"elements": [
		{
			"name": "Wooden Bar 1",
			"from": [1, 5.66589, -6.7513],
			"to": [15, 6.66589, -3.7013],
			"rotation": {"angle": 45, "axis": "x", "origin": [8.72927, 2.518, 8.68503]},
			"faces": {
				"north": {"uv": [7, 2.5, 14, 3], "texture": "#9"},
				"east": {"uv": [7, 6.5, 8, 7], "texture": "#9"},
				"south": {"uv": [7, 3, 14, 3.5], "texture": "#9"},
				"west": {"uv": [7, 7.5, 8, 8], "texture": "#9"},
				"up": {"uv": [7, 7, 0, 6], "texture": "#9"},
				"down": {"uv": [7, 7, 0, 8], "texture": "#9"}
			}
		},
		{
			"name": "Wooden Bar 2",
			"from": [1, 5.66589, -0.85127],
			"to": [15, 6.66589, 2.14873],
			"rotation": {"angle": 45, "axis": "x", "origin": [8.72927, 2.518, 8.68503]},
			"faces": {
				"north": {"uv": [7, 1.5, 14, 2], "texture": "#9"},
				"east": {"uv": [7, 5.5, 8, 6], "texture": "#9"},
				"south": {"uv": [7, 2, 14, 2.5], "texture": "#9"},
				"west": {"uv": [7, 6, 8, 6.5], "texture": "#9"},
				"up": {"uv": [7, 5, 0, 4], "texture": "#9"},
				"down": {"uv": [7, 5, 0, 6], "texture": "#9"}
			}
		},
		{
			"name": "Wooden Bar 3",
			"from": [1, 5.66589, 4.94873],
			"to": [15, 6.66589, 7.89873],
			"rotation": {"angle": 45, "axis": "x", "origin": [8.72927, 2.518, 8.68503]},
			"faces": {
				"north": {"uv": [7, 0.5, 14, 1], "texture": "#9"},
				"east": {"uv": [7, 4.5, 8, 5], "texture": "#9"},
				"south": {"uv": [7, 1, 14, 1.5], "texture": "#9"},
				"west": {"uv": [7, 5, 8, 5.5], "texture": "#9"},
				"up": {"uv": [7, 3, 0, 2], "texture": "#9"},
				"down": {"uv": [7, 3, 0, 4], "texture": "#9"}
			}
		},
		{
			"name": "Wooden Bar 4",
			"from": [1, 5.66589, 10.69873],
			"to": [15, 6.66589, 13.64873],
			"rotation": {"angle": 45, "axis": "x", "origin": [8.72927, 2.518, 8.68503]},
			"faces": {
				"north": {"uv": [7, 7, 14, 7.5], "texture": "#9"},
				"east": {"uv": [7, 3.5, 8, 4], "texture": "#9"},
				"south": {"uv": [7, 0, 14, 0.5], "texture": "#9"},
				"west": {"uv": [7, 4, 8, 4.5], "texture": "#9"},
				"up": {"uv": [7, 1, 0, 0], "texture": "#9"},
				"down": {"uv": [7, 1, 0, 2], "texture": "#9"}
			}
		},
		{
			"name": "Rail 1",
			"from": [2, 6.66589, -7.95127],
			"to": [3, 7.66589, 15.04873],
			"rotation": {"angle": 45, "axis": "x", "origin": [8.72927, 2.518, 8.68503]},
			"faces": {
				"north": {"uv": [4.5, 4, 5, 4.5], "texture": "#4"},
				"east": {"uv": [2, 1.5, 10, 2], "texture": "#4"},
				"south": {"uv": [4, 2, 4.5, 2.5], "texture": "#4"},
				"west": {"uv": [2, 1.5, 10, 2], "texture": "#4"},
				"up": {"uv": [3, 10, 2.5, 2], "texture": "#4"},
				"down": {"uv": [4, 3, 3.5, 11], "texture": "#4"}
			}
		},
		{
			"name": "Rail 1 Inner",
			"from": [3, 6.66589, -7.95127],
			"to": [4, 7.16589, 15.04873],
			"rotation": {"angle": 45, "axis": "x", "origin": [8.72927, 2.518, 8.68503]},
			"faces": {
				"north": {"uv": [4, 4, 4.5, 4.5], "texture": "#4"},
				"east": {"uv": [2, 1, 10, 1.5], "texture": "#4"},
				"south": {"uv": [4.5, 2, 5, 2.5], "texture": "#4"},
				"west": {"uv": [2, 1, 10, 1.5], "texture": "#4"},
				"up": {"uv": [2.5, 10, 2, 2], "texture": "#4"},
				"down": {"uv": [3.5, 3, 3, 11], "texture": "#4"}
			}
		},
		{
			"name": "Rail 2",
			"from": [13, 6.66589, -7.95127],
			"to": [14, 7.66589, 15.04873],
			"rotation": {"angle": 45, "axis": "x", "origin": [8.72927, 2.518, 8.68503]},
			"faces": {
				"north": {"uv": [3, 2, 3.5, 2.5], "texture": "#4"},
				"east": {"uv": [1, 0, 9, 0.5], "texture": "#4"},
				"south": {"uv": [3.5, 2.5, 4, 3], "texture": "#4"},
				"west": {"uv": [1, 0, 9, 0.5], "texture": "#4"},
				"up": {"uv": [0.5, 8, 0, 0], "texture": "#4"},
				"down": {"uv": [1.5, 1, 1, 9], "texture": "#4"}
			}
		},
		{
			"name": "Rail 2 Inner",
			"from": [12, 6.66589, -7.95127],
			"to": [13, 7.16589, 15.04873],
			"rotation": {"angle": 45, "axis": "x", "origin": [8.72927, 2.518, 8.68503]},
			"faces": {
				"north": {"uv": [3.5, 2, 4, 2.5], "texture": "#4"},
				"east": {"uv": [1, 0.5, 9, 1], "texture": "#4"},
				"south": {"uv": [3, 2.5, 3.5, 3], "texture": "#4"},
				"west": {"uv": [1, 0.5, 9, 1], "texture": "#4"},
				"up": {"uv": [1, 8, 0.5, 0], "texture": "#4"},
				"down": {"uv": [2, 1, 1.5, 9], "texture": "#4"}
			}
		},
		{
			"name": "Rail 1 Inner",
			"from": [11, 6.46159, -4.18545],
			"to": [12, 6.96159, 18.81455],
			"rotation": {"angle": 45, "axis": "x", "origin": [11.5, 6.96159, 10.81455]},
			"faces": {
				"north": {"uv": [6, 6, 6.5, 6.5], "texture": "#10"},
				"east": {"uv": [1, 0, 9, 0.5], "texture": "#10"},
				"south": {"uv": [6, 4.5, 6.5, 5], "texture": "#10"},
				"west": {"uv": [1, 0.5, 9, 1], "texture": "#10"},
				"up": {"uv": [4.5, 12, 4, 4], "texture": "#10"},
				"down": {"uv": [5, 4.5, 4.5, 12.5], "texture": "#10"}
			}
		},
		{
			"name": "Rail 2 Inner",
			"from": [4, 6.46159, -4.18545],
			"to": [5, 6.96159, 18.81455],
			"rotation": {"angle": 45, "axis": "x", "origin": [4.5, 6.96159, 10.81455]},
			"faces": {
				"north": {"uv": [6, 5.5, 6.5, 6], "texture": "#10"},
				"east": {"uv": [2, 1, 10, 1.5], "texture": "#10"},
				"south": {"uv": [6, 6.5, 6.5, 7], "texture": "#10"},
				"west": {"uv": [2, 1.5, 10, 2], "texture": "#10"},
				"up": {"uv": [5.5, 13, 5, 5], "texture": "#10"},
				"down": {"uv": [6, 5.5, 5.5, 13.5], "texture": "#10"}
			}
		},
		{
			"name": "Power Line",
			"from": [7, 8.19652, -5.63814],
			"to": [9, 8.69652, 14.56186],
			"rotation": {"angle": 45, "axis": "x", "origin": [8, 8.44652, 7.56186]},
			"faces": {
				"north": {"uv": [5.5, 4, 6.5, 4.5], "texture": "#10"},
				"east": {"uv": [4, 3, 11, 3.5], "texture": "#10"},
				"west": {"uv": [4, 3.5, 11, 4], "texture": "#10"},
				"up": {"uv": [3, 9.5, 2, 2.5], "texture": "#10"},
				"down": {"uv": [4, 3.5, 3, 10.5], "texture": "#10"}
			}
		},
		{
			"name": "Power Line 1 4",
			"from": [10, 6.81766, 14.40493],
			"to": [11, 7.31766, 17.35493],
			"rotation": {"angle": 45, "axis": "x", "origin": [8, 7.06766, 10.35493]},
			"faces": {
				"north": {"uv": [9, 7.5, 9.5, 7.75], "texture": "#10"},
				"east": {"uv": [10.5, 5.5, 11.5, 5.75], "texture": "#10"},
				"south": {"uv": [8, 7.5, 8.5, 7.75], "texture": "#10"},
				"west": {"uv": [8.5, 5.5, 9.5, 5.75], "texture": "#10"},
				"up": {"uv": [7, 7, 7.5, 8], "texture": "#10"}
			}
		},
		{
			"name": "Power Line 1 3",
			"from": [10, 8.05509, 9.16749],
			"to": [11, 8.55509, 12.11749],
			"rotation": {"angle": 45, "axis": "x", "origin": [8, 8.30509, 9.11749]},
			"faces": {
				"north": {"uv": [9, 7, 9.5, 7.25], "texture": "#10"},
				"east": {"uv": [10.5, 5, 11.5, 5.25], "texture": "#10"},
				"south": {"uv": [8, 7, 8.5, 7.25], "texture": "#10"},
				"west": {"uv": [8.5, 5, 9.5, 5.25], "texture": "#10"},
				"up": {"uv": [7, 6, 7.5, 7], "texture": "#10"}
			}
		},
		{
			"name": "Power Line 1 2",
			"from": [10, 9.29253, 3.88006],
			"to": [11, 9.79253, 6.88006],
			"rotation": {"angle": 45, "axis": "x", "origin": [8, 9.54253, 7.88006]},
			"faces": {
				"north": {"uv": [9, 6.5, 9.5, 6.75], "texture": "#10"},
				"east": {"uv": [10.5, 4.5, 11.5, 4.75], "texture": "#10"},
				"south": {"uv": [8, 6.5, 8.5, 6.75], "texture": "#10"},
				"west": {"uv": [8.5, 4.5, 9.5, 4.75], "texture": "#10"},
				"up": {"uv": [7, 5, 7.5, 6], "texture": "#10"}
			}
		},
		{
			"name": "Power Line 1 1",
			"from": [10, 10.6007, -1.47811],
			"to": [11, 11.1007, 1.57189],
			"rotation": {"angle": 45, "axis": "x", "origin": [8, 10.8507, 6.57189]},
			"faces": {
				"north": {"uv": [9, 6, 9.5, 6.25], "texture": "#10"},
				"east": {"uv": [10.5, 4, 11.5, 4.25], "texture": "#10"},
				"south": {"uv": [8, 6, 8.5, 6.25], "texture": "#10"},
				"west": {"uv": [8.5, 4, 9.5, 4.25], "texture": "#10"},
				"up": {"uv": [7, 4, 7.5, 5], "texture": "#10"}
			}
		},
		{
			"name": "Power Line 2 1",
			"from": [5, 10.6007, -1.47811],
			"to": [6, 11.1007, 1.57189],
			"rotation": {"angle": 45, "axis": "x", "origin": [8, 10.8507, 6.57189]},
			"faces": {
				"north": {"uv": [8.5, 6, 9, 6.25], "texture": "#10"},
				"east": {"uv": [9.5, 4, 10.5, 4.25], "texture": "#10"},
				"south": {"uv": [7.5, 6, 8, 6.25], "texture": "#10"},
				"west": {"uv": [7.5, 4, 8.5, 4.25], "texture": "#10"},
				"up": {"uv": [6.5, 4, 7, 5], "texture": "#10"}
			}
		},
		{
			"name": "Power Line 2 2",
			"from": [5, 9.29253, 3.88006],
			"to": [6, 9.79253, 6.88006],
			"rotation": {"angle": 45, "axis": "x", "origin": [8, 9.54253, 7.88006]},
			"faces": {
				"north": {"uv": [8.5, 6.5, 9, 6.75], "texture": "#10"},
				"east": {"uv": [9.5, 4.5, 10.5, 4.75], "texture": "#10"},
				"south": {"uv": [7.5, 6.5, 8, 6.75], "texture": "#10"},
				"west": {"uv": [7.5, 4.5, 8.5, 4.75], "texture": "#10"},
				"up": {"uv": [6.5, 5, 7, 6], "texture": "#10"}
			}
		},
		{
			"name": "Power Line 2 3",
			"from": [5, 8.05509, 9.16749],
			"to": [6, 8.55509, 12.11749],
			"rotation": {"angle": 45, "axis": "x", "origin": [8, 8.30509, 9.11749]},
			"faces": {
				"north": {"uv": [8.5, 7, 9, 7.25], "texture": "#10"},
				"east": {"uv": [9.5, 5, 10.5, 5.25], "texture": "#10"},
				"south": {"uv": [7.5, 7, 8, 7.25], "texture": "#10"},
				"west": {"uv": [7.5, 5, 8.5, 5.25], "texture": "#10"},
				"up": {"uv": [6.5, 6, 7, 7], "texture": "#10"}
			}
		},
		{
			"name": "Power Line 2 4",
			"from": [5, 6.81766, 14.40493],
			"to": [6, 7.31766, 17.35493],
			"rotation": {"angle": 45, "axis": "x", "origin": [8, 7.06766, 10.35493]},
			"faces": {
				"north": {"uv": [8.5, 7.5, 9, 7.75], "texture": "#10"},
				"east": {"uv": [9.5, 5.5, 10.5, 5.75], "texture": "#10"},
				"south": {"uv": [7.5, 7.5, 8, 7.75], "texture": "#10"},
				"west": {"uv": [7.5, 5.5, 8.5, 5.75], "texture": "#10"},
				"up": {"uv": [6.5, 7, 7, 8], "texture": "#10"}
			}
		}
	]
}