{
	"credit": "Made by lajawi with Blockbench - https://blockbench.net",
	"textures": {
		"particle": "block/leaves/birch/birch_leaves_bushy",
		"bushy": "block/leaves/birch/birch_leaves_bushy",
		"leaf": "block/leaves/birch/birch_leaves",
		"sides": "block/leaves/birch/birch_sapling_log",
		"top": "block/leaves/birch/birch_sappling_log_top"
	},
	"elements": [
		{
			"name": "Leaves (Default Cube)",
			"from": [3, 3, 3],
			"to": [13, 13, 13],
			"faces": {
				"north": {"uv": [0, 0, 16, 16], "texture": "#leaf", "tintindex": 0},
				"east": {"uv": [0, 0, 16, 16], "texture": "#leaf", "tintindex": 0},
				"south": {"uv": [0, 0, 16, 16], "texture": "#leaf", "tintindex": 0},
				"west": {"uv": [0, 0, 16, 16], "texture": "#leaf", "tintindex": 0},
				"up": {"uv": [0, 0, 16, 16], "texture": "#leaf", "tintindex": 0},
				"down": {"uv": [0, 0, 16, 16], "texture": "#leaf", "tintindex": 0}
			}
		},
		{
			"name": "Leaves (Bushy Planing)",
			"from": [0, 0, 8],
			"to": [16, 16, 8],
			"rotation": {"angle": 22.5, "axis": "y", "origin": [8, 8, 8]},
			"faces": {
				"north": {"uv": [2, 2, 14, 14], "texture": "#bushy", "tintindex": 0},
				"east": {"uv": [0, 0, 0, 16], "texture": "#bushy", "tintindex": 0},
				"south": {"uv": [2, 2, 14, 14], "texture": "#bushy", "tintindex": 0},
				"west": {"uv": [0, 0, 0, 16], "texture": "#bushy", "tintindex": 0},
				"up": {"uv": [0, 0, 0, 16], "rotation": 270, "texture": "#bushy", "tintindex": 0},
				"down": {"uv": [0, 0, 0, 16], "rotation": 90, "texture": "#bushy", "tintindex": 0}
			}
		},
		{
			"name": "Leaves (Bushy Planing)",
			"from": [8, 0, 0],
			"to": [8, 16, 16],
			"rotation": {"angle": 22.5, "axis": "y", "origin": [8, 8, 8]},
			"faces": {
				"east": {"uv": [2, 2, 14, 14], "texture": "#bushy", "tintindex": 0},
				"south": {"uv": [0, 0, 0, 16], "texture": "#bushy", "tintindex": 0},
				"west": {"uv": [2, 2, 14, 14], "texture": "#bushy", "tintindex": 0},
				"up": {"uv": [0, 0, 0, 16], "texture": "#bushy", "tintindex": 0},
				"down": {"uv": [0, 0, 0, 16], "texture": "#bushy", "tintindex": 0}
			}
		},
		{
			"name": "Stem",
			"from": [7, 0, 7],
			"to": [10, 9, 10],
			"rotation": {"angle": 0, "axis": "y", "origin": [15, 8, 15]},
			"faces": {
				"north": {"uv": [4, 0, 7, 9], "texture": "#sides"},
				"east": {"uv": [7, 0, 10, 9], "texture": "#sides"},
				"south": {"uv": [10, 7, 13, 16], "texture": "#sides"},
				"west": {"uv": [13, 7, 16, 16], "texture": "#sides"},
				"up": {"uv": [0, 0, 3, 3], "texture": "#top"},
				"down": {"uv": [0, 0, 3, 3], "texture": "#top"}
			}
		}
	],
	"display": {
		"thirdperson_righthand": {
			"rotation": [75, 45, 0],
			"translation": [0, 2.5, 0],
			"scale": [0.375, 0.375, 0.375]
		},
		"thirdperson_lefthand": {
			"rotation": [75, 45, 0],
			"translation": [0, 2.5, 0],
			"scale": [0.375, 0.375, 0.375]
		},
		"firstperson_righthand": {
			"rotation": [0, 45, 0],
			"scale": [0.4, 0.4, 0.4]
		},
		"firstperson_lefthand": {
			"rotation": [0, 225, 0],
			"scale": [0.4, 0.4, 0.4]
		},
		"ground": {
			"translation": [0, 3, 0],
			"scale": [0.25, 0.25, 0.25]
		},
		"gui": {
			"rotation": [30, 225, 0],
			"scale": [0.625, 0.625, 0.625]
		},
		"fixed": {
			"scale": [0.5, 0.5, 0.5]
		}
	},
	"groups": [
		{
			"name": "Leaves",
			"origin": [8, 8, 8],
			"children": [0, 1, 2]
		}, 3]
}