{
	"credit": "Made by lajawi with Blockbench - https://blockbench.net",
	"ambientocclusion": false,
	"textures": {
		"particle": "block/leaves/spruce/spruce_leaves_bushy",
		"bushy": "block/leaves/spruce/spruce_leaves_bushy",
		"leaf": "block/leaves/spruce/spruce_leaves",
		"top": "block/leaves/spruce/spruce_sappling_log_top",
		"sides": "block/leaves/spruce/spruce_sappling_log"
	},
	"elements": [
		{
			"name": "Stem",
			"from": [7, 0, 7],
			"to": [9, 12, 9],
			"rotation": {"angle": 0, "axis": "y", "origin": [8, 6, 8]},
			"faces": {
				"north": {"uv": [0, 0, 2, 12], "texture": "#sides"},
				"east": {"uv": [9, 4, 11, 16], "texture": "#sides"},
				"south": {"uv": [14, 4, 16, 16], "texture": "#sides"},
				"west": {"uv": [7, 1, 9, 13], "texture": "#sides"},
				"up": {"uv": [0, 0, 2, 2], "texture": "#top"},
				"down": {"uv": [0, 0, 2, 2], "texture": "#top"}
			}
		},
		{
			"name": "Bottom Leaves",
			"from": [4, 1, 4],
			"to": [12, 9, 12],
			"rotation": {"angle": 0, "axis": "y", "origin": [8, 5, 8]},
			"faces": {
				"north": {"uv": [0, 0, 16, 16], "texture": "#leaf", "tintindex": 0},
				"east": {"uv": [0, 0, 16, 16], "texture": "#leaf", "tintindex": 0},
				"south": {"uv": [0, 0, 16, 16], "texture": "#leaf", "tintindex": 0},
				"west": {"uv": [0, 0, 16, 16], "texture": "#leaf", "tintindex": 0},
				"up": {"uv": [0, 0, 16, 16], "texture": "#leaf", "tintindex": 0},
				"down": {"uv": [0, 0, 16, 16], "texture": "#leaf", "tintindex": 0}
			}
		},
		{
			"name": "Bottom Bushy 1",
			"from": [8, -1, 2],
			"to": [8, 11, 14],
			"rotation": {"angle": 22.5, "axis": "y", "origin": [8, 5, 8]},
			"faces": {
				"north": {"uv": [2, 2, 14, 14], "texture": "#bushy", "tintindex": 0},
				"east": {"uv": [2, 2, 14, 14], "texture": "#bushy", "tintindex": 0},
				"south": {"uv": [2, 2, 14, 14], "texture": "#bushy", "tintindex": 0},
				"west": {"uv": [2, 2, 14, 14], "texture": "#bushy", "tintindex": 0},
				"up": {"uv": [2, 2, 14, 14], "texture": "#bushy", "tintindex": 0},
				"down": {"uv": [2, 2, 14, 14], "texture": "#bushy", "tintindex": 0}
			}
		},
		{
			"name": "Bottom Bushy 2",
			"from": [2, -1, 8],
			"to": [14, 11, 8],
			"rotation": {"angle": 22.5, "axis": "y", "origin": [8, 5, 8]},
			"faces": {
				"north": {"uv": [2, 2, 14, 14], "texture": "#bushy", "tintindex": 0},
				"east": {"uv": [2, 2, 14, 14], "texture": "#bushy", "tintindex": 0},
				"south": {"uv": [2, 2, 14, 14], "texture": "#bushy", "tintindex": 0},
				"west": {"uv": [2, 2, 14, 14], "texture": "#bushy", "tintindex": 0},
				"up": {"uv": [2, 2, 14, 14], "texture": "#bushy", "tintindex": 0},
				"down": {"uv": [2, 2, 14, 14], "texture": "#bushy", "tintindex": 0}
			}
		},
		{
			"name": "Top Leaves",
			"from": [5, 9, 5],
			"to": [11, 15, 11],
			"rotation": {"angle": 0, "axis": "y", "origin": [8, 12, 8]},
			"faces": {
				"north": {"uv": [0, 0, 16, 16], "texture": "#leaf", "tintindex": 0},
				"east": {"uv": [0, 0, 16, 16], "texture": "#leaf", "tintindex": 0},
				"south": {"uv": [0, 0, 16, 16], "texture": "#leaf", "tintindex": 0},
				"west": {"uv": [0, 0, 16, 16], "texture": "#leaf", "tintindex": 0},
				"up": {"uv": [0, 0, 16, 16], "texture": "#leaf", "tintindex": 0},
				"down": {"uv": [0, 0, 16, 16], "texture": "#leaf", "tintindex": 0}
			}
		},
		{
			"name": "Top Bushy 1",
			"from": [8, 7, 3],
			"to": [8, 17, 13],
			"rotation": {"angle": -22.5, "axis": "y", "origin": [8, 12, 8]},
			"faces": {
				"north": {"uv": [2, 2, 14, 14], "texture": "#bushy", "tintindex": 0},
				"east": {"uv": [2, 2, 14, 14], "texture": "#bushy", "tintindex": 0},
				"south": {"uv": [2, 2, 14, 14], "texture": "#bushy", "tintindex": 0},
				"west": {"uv": [2, 2, 14, 14], "texture": "#bushy", "tintindex": 0},
				"up": {"uv": [2, 2, 14, 14], "texture": "#bushy", "tintindex": 0},
				"down": {"uv": [2, 2, 14, 14], "texture": "#bushy", "tintindex": 0}
			}
		},
		{
			"name": "Top Bushy 2",
			"from": [3, 7, 8],
			"to": [13, 17, 8],
			"rotation": {"angle": -22.5, "axis": "y", "origin": [8, 12, 8]},
			"faces": {
				"north": {"uv": [2, 2, 14, 14], "texture": "#bushy", "tintindex": 0},
				"east": {"uv": [2, 2, 14, 14], "texture": "#bushy", "tintindex": 0},
				"south": {"uv": [2, 2, 14, 14], "texture": "#bushy", "tintindex": 0},
				"west": {"uv": [2, 2, 14, 14], "texture": "#bushy", "tintindex": 0},
				"up": {"uv": [2, 2, 14, 14], "texture": "#bushy", "tintindex": 0},
				"down": {"uv": [2, 2, 14, 14], "texture": "#bushy", "tintindex": 0}
			}
		}
	],
	"display": {
		"thirdperson_righthand": {
			"rotation": [75, 45, 0],
			"translation": [0, 2.5, 0],
			"scale": [0.375, 0.375, 0.375]
		},
		"thirdperson_lefthand": {
			"rotation": [75, 45, 0],
			"translation": [0, 2.5, 0],
			"scale": [0.375, 0.375, 0.375]
		},
		"firstperson_righthand": {
			"rotation": [0, 45, 0],
			"scale": [0.4, 0.4, 0.4]
		},
		"firstperson_lefthand": {
			"rotation": [0, 225, 0],
			"scale": [0.4, 0.4, 0.4]
		},
		"ground": {
			"translation": [0, 3, 0],
			"scale": [0.25, 0.25, 0.25]
		},
		"gui": {
			"rotation": [30, 225, 0],
			"scale": [0.625, 0.625, 0.625]
		},
		"fixed": {
			"scale": [0.5, 0.5, 0.5]
		}
	}
}