{
	"credit": "Made by lajawi with Blockbench - https://blockbench.net",
	"parent": "block/block",
	"textures": {
		"particle": "block/stonecutter_bottom",
		"bottom": "block/stonecutter_bottom",
		"top": "block/stonecutter_top",
		"side": "block/stonecutter_side",
		"saw": "block/stonecutter_saw"
	},
	"elements": [
		{
			"from": [0, 0, 0],
			"to": [16, 9, 16],
			"faces": {
				"north": {"uv": [0, 7, 16, 16], "texture": "#side", "cullface": "north"},
				"east": {"uv": [0, 7, 16, 16], "texture": "#side", "cullface": "east"},
				"south": {"uv": [0, 7, 16, 16], "texture": "#side", "cullface": "south"},
				"west": {"uv": [0, 7, 16, 16], "texture": "#side", "cullface": "west"},
				"up": {"uv": [0, 0, 16, 16], "texture": "#top"},
				"down": {"uv": [0, 0, 16, 16], "texture": "#bottom", "cullface": "down"}
			}
		},
		{
			"from": [1, 9, 8],
			"to": [15, 16, 8],
			"faces": {
				"north": {"uv": [1, 9, 15, 16], "texture": "#saw", "tintindex": 0},
				"south": {"uv": [15, 9, 1, 16], "texture": "#saw", "tintindex": 0}
			}
		}
	]
}