{
	"credit": "Made by lajawi with Blockbench - https://blockbench.net",
	"ambientocclusion": false,
	"textures": {
		"1": "block/vine_3d",
		"particle": "block/vine"
	},
	"elements": [
		{
			"from": [0, 0, 15.2],
			"to": [16, 4, 15.2],
			"rotation": {"angle": 22.5, "axis": "x", "origin": [8, 1.5, 15]},
			"faces": {
				"north": {"uv": [0, 4, 16, 8], "texture": "#1", "tintindex": 0},
				"east": {"uv": [0, 0, 0, 4], "texture": "#1"},
				"south": {"uv": [16, 0, 0, 4], "texture": "#1", "tintindex": 0},
				"west": {"uv": [0, 0, 0, 4], "texture": "#1"},
				"up": {"uv": [0, 0, 16, 0], "texture": "#1"},
				"down": {"uv": [0, 0, 16, 0], "texture": "#1"}
			}
		},
		{
			"from": [0, 3, 15.2],
			"to": [16, 7, 15.2],
			"rotation": {"angle": 22.5, "axis": "x", "origin": [8, 4.5, 15]},
			"faces": {
				"north": {"uv": [0, 8, 16, 12], "texture": "#1", "tintindex": 0},
				"east": {"uv": [0, 0, 0, 4], "texture": "#1"},
				"south": {"uv": [16, 8, 0, 12], "texture": "#1", "tintindex": 0},
				"west": {"uv": [0, 0, 0, 4], "texture": "#1"},
				"up": {"uv": [0, 0, 16, 0], "texture": "#1"},
				"down": {"uv": [0, 0, 16, 0], "texture": "#1"}
			}
		},
		{
			"from": [0, 6, 15.2],
			"to": [16, 10, 15.2],
			"rotation": {"angle": 22.5, "axis": "x", "origin": [8, 7.5, 15]},
			"faces": {
				"north": {"uv": [0, 12, 16, 16], "texture": "#1", "tintindex": 0},
				"east": {"uv": [0, 0, 0, 4], "texture": "#1"},
				"south": {"uv": [16, 12, 0, 16], "texture": "#1", "tintindex": 0},
				"west": {"uv": [0, 0, 0, 4], "texture": "#1"},
				"up": {"uv": [0, 0, 16, 0], "texture": "#1"},
				"down": {"uv": [0, 0, 16, 0], "texture": "#1"}
			}
		},
		{
			"from": [0, 9, 15.2],
			"to": [16, 13, 15.2],
			"rotation": {"angle": 22.5, "axis": "x", "origin": [8, 10.5, 15]},
			"faces": {
				"north": {"uv": [0, 4, 16, 8], "texture": "#1", "tintindex": 0},
				"east": {"uv": [0, 0, 0, 4], "texture": "#1"},
				"south": {"uv": [16, 4, 0, 8], "texture": "#1", "tintindex": 0},
				"west": {"uv": [0, 0, 0, 4], "texture": "#1"},
				"up": {"uv": [0, 0, 16, 0], "texture": "#1"},
				"down": {"uv": [0, 0, 16, 0], "texture": "#1"}
			}
		},
		{
			"from": [0, 12, 15.2],
			"to": [16, 16, 15.2],
			"rotation": {"angle": 22.5, "axis": "x", "origin": [8, 13.5, 15]},
			"faces": {
				"north": {"uv": [0, 4, 16, 8], "texture": "#1", "tintindex": 0},
				"east": {"uv": [0, 0, 0, 4], "texture": "#1"},
				"south": {"uv": [16, 4, 0, 8], "texture": "#1", "tintindex": 0},
				"west": {"uv": [0, 0, 0, 4], "texture": "#1"},
				"up": {"uv": [0, 0, 16, 0], "texture": "#1"},
				"down": {"uv": [0, 0, 16, 0], "texture": "#1"}
			}
		}
	],
	"groups": [
		{
			"name": "used",
			"origin": [8, 13.5, 15],
			"children": [0, 1, 2, 3, 4]
		}
	]
}