{
  "variants": {
    "facing=down": {
      "model": "minecraft:block/hopper"
    },
    "facing=east": {
      "model": "minecraft:block/redstone/hopper/side/hopper_side_2",
      "y": 90
    },
    "facing=north": {
      "model": "minecraft:block/redstone/hopper/side/hopper_side_2"
    },
    "facing=south": {
      "model": "minecraft:block/redstone/hopper/side/hopper_side_2",
      "y": 180
    },
    "facing=west": {
      "model": "minecraft:block/redstone/hopper/side/hopper_side_2",
      "y": 270
    }
  }
}