{
    "variants": {
      "": [
        { "model": "minecraft:block/nether/warped/fungus/single/0", "weight": 6},
        { "model": "minecraft:block/nether/warped/fungus/single/2", "weight": 6},
        { "model": "minecraft:block/nether/warped/fungus/single/0_c", "weight": 6},
        { "model": "minecraft:block/nether/warped/fungus/single/2_c", "weight": 6},
        { "model": "minecraft:block/nether/warped/fungus/single/0_c", "y": 90, "weight": 6},
        { "model": "minecraft:block/nether/warped/fungus/single/2_c", "y": 90, "weight": 6},
        { "model": "minecraft:block/nether/warped/fungus/single/0_c", "y": 180, "weight": 6},
        { "model": "minecraft:block/nether/warped/fungus/single/2_c", "y": 180, "weight": 6},
        { "model": "minecraft:block/nether/warped/fungus/single/0_c", "y": 270, "weight": 6},
        { "model": "minecraft:block/nether/warped/fungus/single/2_c", "y": 270, "weight": 6},
        { "model": "minecraft:block/nether/warped/fungus/single/0_t", "weight": 6},
        { "model": "minecraft:block/nether/warped/fungus/single/2_t", "weight": 6},
        { "model": "minecraft:block/nether/warped/fungus/single/0_t", "y": 90, "weight": 6},
        { "model": "minecraft:block/nether/warped/fungus/single/2_t", "y": 90, "weight": 6},
        { "model": "minecraft:block/nether/warped/fungus/single/0_t", "y": 180, "weight": 6},
        { "model": "minecraft:block/nether/warped/fungus/single/2_t", "y": 180, "weight": 6},
        { "model": "minecraft:block/nether/warped/fungus/single/0_t", "y": 270, "weight": 6},
        { "model": "minecraft:block/nether/warped/fungus/single/2_t", "y": 270, "weight": 6},
        { "model": "minecraft:block/nether/warped/fungus/double/01", "weight": 3},
        { "model": "minecraft:block/nether/warped/fungus/double/01", "y": 90, "weight": 3},
        { "model": "minecraft:block/nether/warped/fungus/double/01", "y": 180, "weight": 3},
        { "model": "minecraft:block/nether/warped/fungus/double/01", "y": 270, "weight": 3},
        { "model": "minecraft:block/nether/warped/fungus/double/0_t1", "weight": 2},
        { "model": "minecraft:block/nether/warped/fungus/double/0_t1", "y": 90, "weight": 2},
        { "model": "minecraft:block/nether/warped/fungus/double/0_t1", "y": 180, "weight": 2},
        { "model": "minecraft:block/nether/warped/fungus/double/0_t1", "y": 270, "weight": 2},
        { "model": "minecraft:block/nether/warped/fungus/double/0_t1_c", "weight": 1},
        { "model": "minecraft:block/nether/warped/fungus/double/0_t1_c", "y": 90, "weight": 1},
        { "model": "minecraft:block/nether/warped/fungus/double/0_t1_c", "y": 90, "weight": 1},
        { "model": "minecraft:block/nether/warped/fungus/double/0_t1_c", "y": 90, "weight": 1},
        { "model": "minecraft:block/nether/warped/fungus/double/0_s1"},
        { "model": "minecraft:block/nether/warped/fungus/double/0_s1", "y": 90},
        { "model": "minecraft:block/nether/warped/fungus/double/0_s1", "y": 180},
        { "model": "minecraft:block/nether/warped/fungus/double/0_s1", "y": 270}
      ]
    }
  }