{
	"credit": "Made by lajawi with Blockbench - https://blockbench.net",
	"ambientocclusion": false,
	"textures": {
		"1": "block/nether/warped/fungus/warped_fungus_down",
		"2": "block/nether/warped/fungus/warped_fungus",
		"particle": "block/nether/warped/fungus/warped_fungus"
	},
	"elements": [
		{
			"from": [9, -2, 9],
			"to": [11, 3, 11],
			"rotation": {"angle": 0, "axis": "y", "origin": [10, 0.5, 10]},
			"faces": {
				"north": {"uv": [0, 11, 2, 16], "texture": "#2"},
				"east": {"uv": [0, 3, 2, 8], "texture": "#2"},
				"south": {"uv": [0, 0, 2, 5], "texture": "#2"},
				"west": {"uv": [0, 7, 2, 12], "texture": "#2"},
				"up": {"uv": [0, 2, 2, 4], "texture": "#2"},
				"down": {"uv": [0, 12, 2, 14], "texture": "#2"}
			}
		},
		{
			"from": [5, 3, 5],
			"to": [15, 7, 15],
			"rotation": {"angle": 0, "axis": "x", "origin": [10, 5, 10]},
			"faces": {
				"north": {"uv": [6, 10, 16, 14], "texture": "#2"},
				"east": {"uv": [6, 10, 16, 14], "texture": "#2"},
				"south": {"uv": [6, 10, 16, 14], "texture": "#2"},
				"west": {"uv": [6, 10, 16, 14], "texture": "#2"},
				"up": {"uv": [6, 0, 16, 10], "texture": "#2"},
				"down": {"uv": [6, 0, 16, 10], "texture": "#1"}
			}
		}
	],
	"display": {
		"thirdperson_righthand": {
			"rotation": [75, 45, 0],
			"translation": [0, 2.5, 0],
			"scale": [0.375, 0.375, 0.375]
		},
		"thirdperson_lefthand": {
			"rotation": [75, 45, 0],
			"translation": [0, 2.5, 0],
			"scale": [0.375, 0.375, 0.375]
		},
		"firstperson_righthand": {
			"rotation": [0, 45, 0],
			"scale": [0.4, 0.4, 0.4]
		},
		"firstperson_lefthand": {
			"rotation": [0, 225, 0],
			"scale": [0.4, 0.4, 0.4]
		},
		"ground": {
			"translation": [0, 3, 0],
			"scale": [0.25, 0.25, 0.25]
		},
		"gui": {
			"rotation": [30, 225, 0],
			"scale": [0.625, 0.625, 0.625]
		},
		"fixed": {
			"scale": [0.5, 0.5, 0.5]
		}
	}
}